Month,AccountCode,DepartmentKey,BudgetAmount
2024-01-01,4000,1,1140600.0
2024-01-01,4100,1,438700.0
2024-01-01,4200,1,614200.0
2024-01-01,5000,3,526400.0
2024-01-01,5100,3,263200.0
2024-01-01,5200,3,109700.0
2024-01-01,6000,1,114400.0
2024-01-01,6000,2,52000.0
2024-01-01,6000,3,104000.0
2024-01-01,6000,4,135200.0
2024-01-01,6000,5,52000.0
2024-01-01,6000,6,31200.0
2024-01-01,6000,7,31200.0
2024-01-01,6100,1,15000.0
2024-01-01,6100,2,123000.0
2024-01-01,6100,5,12000.0
2024-01-01,6200,1,9500.0
2024-01-01,6200,2,9500.0
2024-01-01,6200,3,11400.0
2024-01-01,6200,4,47500.0
2024-01-01,6200,5,7600.0
2024-01-01,6200,6,5700.0
2024-01-01,6200,7,3800.0
2024-01-01,6300,1,10900.0
2024-01-01,6300,2,7800.0
2024-01-01,6300,3,26500.0
2024-01-01,6300,4,15600.0
2024-01-01,6300,5,6200.0
2024-01-01,6300,6,5500.0
2024-01-01,6300,7,5500.0
2024-01-01,6400,1,17700.0
2024-01-01,6400,2,4800.0
2024-01-01,6400,3,3400.0
2024-01-01,6400,4,2000.0
2024-01-01,6400,5,4100.0
2024-01-01,6400,6,1000.0
2024-01-01,6400,7,1000.0
2024-01-01,6500,1,2100.0
2024-01-01,6500,2,3400.0
2024-01-01,6500,3,2900.0
2024-01-01,6500,4,4200.0
2024-01-01,6500,6,21000.0
2024-01-01,6500,7,8400.0
2024-01-01,7000,6,61000.0
2024-01-01,7100,6,18500.0
2024-01-01,7200,6,61400.0
2024-02-01,4000,1,1144200.0
2024-02-01,4100,1,440100.0
2024-02-01,4200,1,616100.0
2024-02-01,5000,3,528100.0
2024-02-01,5100,3,264000.0
2024-02-01,5200,3,110000.0
2024-02-01,6000,1,115300.0
2024-02-01,6000,2,52400.0
2024-02-01,6000,3,104800.0
2024-02-01,6000,4,136300.0
2024-02-01,6000,5,52400.0
2024-02-01,6000,6,31400.0
2024-02-01,6000,7,31400.0
2024-02-01,6100,1,15100.0
2024-02-01,6100,2,124000.0
2024-02-01,6100,5,12100.0
2024-02-01,6200,1,9600.0
2024-02-01,6200,2,9600.0
2024-02-01,6200,3,11500.0
2024-02-01,6200,4,47900.0
2024-02-01,6200,5,7700.0
2024-02-01,6200,6,5700.0
2024-02-01,6200,7,3800.0
2024-02-01,6300,1,11000.0
2024-02-01,6300,2,7900.0
2024-02-01,6300,3,26700.0
2024-02-01,6300,4,15700.0
2024-02-01,6300,5,6300.0
2024-02-01,6300,6,5500.0
2024-02-01,6300,7,5500.0
2024-02-01,6400,1,17800.0
2024-02-01,6400,2,4800.0
2024-02-01,6400,3,3400.0
2024-02-01,6400,4,2100.0
2024-02-01,6400,5,4100.0
2024-02-01,6400,6,1000.0
2024-02-01,6400,7,1000.0
2024-02-01,6500,1,2100.0
2024-02-01,6500,2,3400.0
2024-02-01,6500,3,3000.0
2024-02-01,6500,4,4200.0
2024-02-01,6500,6,21200.0
2024-02-01,6500,7,8500.0
2024-02-01,7000,6,61000.0
2024-02-01,7100,6,18500.0
2024-02-01,7200,6,61600.0
2024-03-01,4000,1,1129800.0
2024-03-01,4100,1,434500.0
2024-03-01,4200,1,608300.0
2024-03-01,5000,3,521400.0
2024-03-01,5100,3,260700.0
2024-03-01,5200,3,108600.0
2024-03-01,6000,1,116200.0
2024-03-01,6000,2,52800.0
2024-03-01,6000,3,105700.0
2024-03-01,6000,4,137400.0
2024-03-01,6000,5,52800.0
2024-03-01,6000,6,31700.0
2024-03-01,6000,7,31700.0
2024-03-01,6100,1,15200.0
2024-03-01,6100,2,125000.0
2024-03-01,6100,5,12200.0
2024-03-01,6200,1,9700.0
2024-03-01,6200,2,9700.0
2024-03-01,6200,3,11600.0
2024-03-01,6200,4,48300.0
2024-03-01,6200,5,7700.0
2024-03-01,6200,6,5800.0
2024-03-01,6200,7,3900.0
2024-03-01,6300,1,11100.0
2024-03-01,6300,2,7900.0
2024-03-01,6300,3,26900.0
2024-03-01,6300,4,15800.0
2024-03-01,6300,5,6300.0
2024-03-01,6300,6,5500.0
2024-03-01,6300,7,5500.0
2024-03-01,6400,1,18000.0
2024-03-01,6400,2,4800.0
2024-03-01,6400,3,3500.0
2024-03-01,6400,4,2100.0
2024-03-01,6400,5,4100.0
2024-03-01,6400,6,1000.0
2024-03-01,6400,7,1000.0
2024-03-01,6500,1,2100.0
2024-03-01,6500,2,3400.0
2024-03-01,6500,3,3000.0
2024-03-01,6500,4,4300.0
2024-03-01,6500,6,21300.0
2024-03-01,6500,7,8500.0
2024-03-01,7000,6,61000.0
2024-03-01,7100,6,18500.0
2024-03-01,7200,6,60800.0
2024-04-01,4000,1,1104400.0
2024-04-01,4100,1,424800.0
2024-04-01,4200,1,594700.0
2024-04-01,5000,3,509700.0
2024-04-01,5100,3,254900.0
2024-04-01,5200,3,106200.0
2024-04-01,6000,1,117100.0
2024-04-01,6000,2,53200.0
2024-04-01,6000,3,106500.0
2024-04-01,6000,4,138400.0
2024-04-01,6000,5,53200.0
2024-04-01,6000,6,31900.0
2024-04-01,6000,7,31900.0
2024-04-01,6100,1,15400.0
2024-04-01,6100,2,126000.0
2024-04-01,6100,5,12300.0
2024-04-01,6200,1,9700.0
2024-04-01,6200,2,9700.0
2024-04-01,6200,3,11700.0
2024-04-01,6200,4,48600.0
2024-04-01,6200,5,7800.0
2024-04-01,6200,6,5800.0
2024-04-01,6200,7,3900.0
2024-04-01,6300,1,11200.0
2024-04-01,6300,2,8000.0
2024-04-01,6300,3,27200.0
2024-04-01,6300,4,16000.0
2024-04-01,6300,5,6400.0
2024-04-01,6300,6,5600.0
2024-04-01,6300,7,5600.0
2024-04-01,6400,1,18100.0
2024-04-01,6400,2,4900.0
2024-04-01,6400,3,3500.0
2024-04-01,6400,4,2100.0
2024-04-01,6400,5,4200.0
2024-04-01,6400,6,1000.0
2024-04-01,6400,7,1000.0
2024-04-01,6500,1,2200.0
2024-04-01,6500,2,3400.0
2024-04-01,6500,3,3000.0
2024-04-01,6500,4,4300.0
2024-04-01,6500,6,21500.0
2024-04-01,6500,7,8600.0
2024-04-01,7000,6,61000.0
2024-04-01,7100,6,18500.0
2024-04-01,7200,6,59500.0
2024-05-01,4000,1,1078100.0
2024-05-01,4100,1,414600.0
2024-05-01,4200,1,580500.0
2024-05-01,5000,3,497600.0
2024-05-01,5100,3,248800.0
2024-05-01,5200,3,103700.0
2024-05-01,6000,1,118100.0
2024-05-01,6000,2,53700.0
2024-05-01,6000,3,107300.0
2024-05-01,6000,4,139500.0
2024-05-01,6000,5,53700.0
2024-05-01,6000,6,32200.0
2024-05-01,6000,7,32200.0
2024-05-01,6100,1,15500.0
2024-05-01,6100,2,126900.0
2024-05-01,6100,5,12400.0
2024-05-01,6200,1,9800.0
2024-05-01,6200,2,9800.0
2024-05-01,6200,3,11800.0
2024-05-01,6200,4,49000.0
2024-05-01,6200,5,7800.0
2024-05-01,6200,6,5900.0
2024-05-01,6200,7,3900.0
2024-05-01,6300,1,11300.0
2024-05-01,6300,2,8000.0
2024-05-01,6300,3,27400.0
2024-05-01,6300,4,16100.0
2024-05-01,6300,5,6400.0
2024-05-01,6300,6,5600.0
2024-05-01,6300,7,5600.0
2024-05-01,6400,1,18200.0
2024-05-01,6400,2,4900.0
2024-05-01,6400,3,3500.0
2024-05-01,6400,4,2100.0
2024-05-01,6400,5,4200.0
2024-05-01,6400,6,1100.0
2024-05-01,6400,7,1100.0
2024-05-01,6500,1,2200.0
2024-05-01,6500,2,3500.0
2024-05-01,6500,3,3000.0
2024-05-01,6500,4,4300.0
2024-05-01,6500,6,21700.0
2024-05-01,6500,7,8700.0
2024-05-01,7000,6,61000.0
2024-05-01,7100,6,18500.0
2024-05-01,7200,6,58000.0
2024-06-01,4000,1,1061500.0
2024-06-01,4100,1,408300.0
2024-06-01,4200,1,571600.0
2024-06-01,5000,3,489900.0
2024-06-01,5100,3,245000.0
2024-06-01,5200,3,102100.0
2024-06-01,6000,1,119000.0
2024-06-01,6000,2,54100.0
2024-06-01,6000,3,108200.0
2024-06-01,6000,4,140600.0
2024-06-01,6000,5,54100.0
2024-06-01,6000,6,32400.0
2024-06-01,6000,7,32400.0
2024-06-01,6100,1,15600.0
2024-06-01,6100,2,127900.0
2024-06-01,6100,5,12500.0
2024-06-01,6200,1,9900.0
2024-06-01,6200,2,9900.0
2024-06-01,6200,3,11900.0
2024-06-01,6200,4,49400.0
2024-06-01,6200,5,7900.0
2024-06-01,6200,6,5900.0
2024-06-01,6200,7,4000.0
2024-06-01,6300,1,11400.0
2024-06-01,6300,2,8100.0
2024-06-01,6300,3,27600.0
2024-06-01,6300,4,16200.0
2024-06-01,6300,5,6500.0
2024-06-01,6300,6,5700.0
2024-06-01,6300,7,5700.0
2024-06-01,6400,1,18400.0
2024-06-01,6400,2,5000.0
2024-06-01,6400,3,3500.0
2024-06-01,6400,4,2100.0
2024-06-01,6400,5,4200.0
2024-06-01,6400,6,1100.0
2024-06-01,6400,7,1100.0
2024-06-01,6500,1,2200.0
2024-06-01,6500,2,3500.0
2024-06-01,6500,3,3100.0
2024-06-01,6500,4,4400.0
2024-06-01,6500,6,21800.0
2024-06-01,6500,7,8700.0
2024-06-01,7000,6,61000.0
2024-06-01,7100,6,18500.0
2024-06-01,7200,6,57200.0
2024-07-01,4000,1,1062800.0
2024-07-01,4100,1,408800.0
2024-07-01,4200,1,572300.0
2024-07-01,5000,3,490500.0
2024-07-01,5100,3,245300.0
2024-07-01,5200,3,102200.0
2024-07-01,6000,1,119900.0
2024-07-01,6000,2,54500.0
2024-07-01,6000,3,109000.0
2024-07-01,6000,4,141700.0
2024-07-01,6000,5,54500.0
2024-07-01,6000,6,32700.0
2024-07-01,6000,7,32700.0
2024-07-01,6100,1,15700.0
2024-07-01,6100,2,128900.0
2024-07-01,6100,5,12600.0
2024-07-01,6200,1,10000.0
2024-07-01,6200,2,10000.0
2024-07-01,6200,3,11900.0
2024-07-01,6200,4,49800.0
2024-07-01,6200,5,8000.0
2024-07-01,6200,6,6000.0
2024-07-01,6200,7,4000.0
2024-07-01,6300,1,11400.0
2024-07-01,6300,2,8200.0
2024-07-01,6300,3,27800.0
2024-07-01,6300,4,16300.0
2024-07-01,6300,5,6500.0
2024-07-01,6300,6,5700.0
2024-07-01,6300,7,5700.0
2024-07-01,6400,1,18500.0
2024-07-01,6400,2,5000.0
2024-07-01,6400,3,3600.0
2024-07-01,6400,4,2100.0
2024-07-01,6400,5,4300.0
2024-07-01,6400,6,1100.0
2024-07-01,6400,7,1100.0
2024-07-01,6500,1,2200.0
2024-07-01,6500,2,3500.0
2024-07-01,6500,3,3100.0
2024-07-01,6500,4,4400.0
2024-07-01,6500,6,22000.0
2024-07-01,6500,7,8800.0
2024-07-01,7000,6,61000.0
2024-07-01,7100,6,18500.0
2024-07-01,7200,6,57200.0
2024-08-01,4000,1,1085500.0
2024-08-01,4100,1,417500.0
2024-08-01,4200,1,584500.0
2024-08-01,5000,3,501000.0
2024-08-01,5100,3,250500.0
2024-08-01,5200,3,104400.0
2024-08-01,6000,1,120800.0
2024-08-01,6000,2,54900.0
2024-08-01,6000,3,109800.0
2024-08-01,6000,4,142800.0
2024-08-01,6000,5,54900.0
2024-08-01,6000,6,32900.0
2024-08-01,6000,7,32900.0
2024-08-01,6100,1,15800.0
2024-08-01,6100,2,129900.0
2024-08-01,6100,5,12700.0
2024-08-01,6200,1,10000.0
2024-08-01,6200,2,10000.0
2024-08-01,6200,3,12000.0
2024-08-01,6200,4,50200.0
2024-08-01,6200,5,8000.0
2024-08-01,6200,6,6000.0
2024-08-01,6200,7,4000.0
2024-08-01,6300,1,11500.0
2024-08-01,6300,2,8200.0
2024-08-01,6300,3,28000.0
2024-08-01,6300,4,16500.0
2024-08-01,6300,5,6600.0
2024-08-01,6300,6,5800.0
2024-08-01,6300,7,5800.0
2024-08-01,6400,1,18700.0
2024-08-01,6400,2,5000.0
2024-08-01,6400,3,3600.0
2024-08-01,6400,4,2200.0
2024-08-01,6400,5,4300.0
2024-08-01,6400,6,1100.0
2024-08-01,6400,7,1100.0
2024-08-01,6500,1,2200.0
2024-08-01,6500,2,3500.0
2024-08-01,6500,3,3100.0
2024-08-01,6500,4,4400.0
2024-08-01,6500,6,22200.0
2024-08-01,6500,7,8900.0
2024-08-01,7000,6,61000.0
2024-08-01,7100,6,18500.0
2024-08-01,7200,6,58400.0
2024-09-01,4000,1,1127400.0
2024-09-01,4100,1,433600.0
2024-09-01,4200,1,607100.0
2024-09-01,5000,3,520400.0
2024-09-01,5100,3,260200.0
2024-09-01,5200,3,108400.0
2024-09-01,6000,1,121700.0
2024-09-01,6000,2,55300.0
2024-09-01,6000,3,110700.0
2024-09-01,6000,4,143900.0
2024-09-01,6000,5,55300.0
2024-09-01,6000,6,33200.0
2024-09-01,6000,7,33200.0
2024-09-01,6100,1,16000.0
2024-09-01,6100,2,130900.0
2024-09-01,6100,5,12800.0
2024-09-01,6200,1,10100.0
2024-09-01,6200,2,10100.0
2024-09-01,6200,3,12100.0
2024-09-01,6200,4,50500.0
2024-09-01,6200,5,8100.0
2024-09-01,6200,6,6100.0
2024-09-01,6200,7,4000.0
2024-09-01,6300,1,11600.0
2024-09-01,6300,2,8300.0
2024-09-01,6300,3,28200.0
2024-09-01,6300,4,16600.0
2024-09-01,6300,5,6600.0
2024-09-01,6300,6,5800.0
2024-09-01,6300,7,5800.0
2024-09-01,6400,1,18800.0
2024-09-01,6400,2,5100.0
2024-09-01,6400,3,3600.0
2024-09-01,6400,4,2200.0
2024-09-01,6400,5,4300.0
2024-09-01,6400,6,1100.0
2024-09-01,6400,7,1100.0
2024-09-01,6500,1,2200.0
2024-09-01,6500,2,3600.0
2024-09-01,6500,3,3100.0
2024-09-01,6500,4,4500.0
2024-09-01,6500,6,22300.0
2024-09-01,6500,7,8900.0
2024-09-01,7000,6,61000.0
2024-09-01,7100,6,18500.0
2024-09-01,7200,6,60700.0
2024-10-01,4000,1,1181100.0
2024-10-01,4100,1,454300.0
2024-10-01,4200,1,636000.0
2024-10-01,5000,3,545100.0
2024-10-01,5100,3,272600.0
2024-10-01,5200,3,113600.0
2024-10-01,6000,1,122600.0
2024-10-01,6000,2,55700.0
2024-10-01,6000,3,111500.0
2024-10-01,6000,4,144900.0
2024-10-01,6000,5,55700.0
2024-10-01,6000,6,33400.0
2024-10-01,6000,7,33400.0
2024-10-01,6100,1,16100.0
2024-10-01,6100,2,131900.0
2024-10-01,6100,5,12900.0
2024-10-01,6200,1,10200.0
2024-10-01,6200,2,10200.0
2024-10-01,6200,3,12200.0
2024-10-01,6200,4,50900.0
2024-10-01,6200,5,8100.0
2024-10-01,6200,6,6100.0
2024-10-01,6200,7,4100.0
2024-10-01,6300,1,11700.0
2024-10-01,6300,2,8400.0
2024-10-01,6300,3,28400.0
2024-10-01,6300,4,16700.0
2024-10-01,6300,5,6700.0
2024-10-01,6300,6,5900.0
2024-10-01,6300,7,5900.0
2024-10-01,6400,1,19000.0
2024-10-01,6400,2,5100.0
2024-10-01,6400,3,3600.0
2024-10-01,6400,4,2200.0
2024-10-01,6400,5,4400.0
2024-10-01,6400,6,1100.0
2024-10-01,6400,7,1100.0
2024-10-01,6500,1,2300.0
2024-10-01,6500,2,3600.0
2024-10-01,6500,3,3200.0
2024-10-01,6500,4,4500.0
2024-10-01,6500,6,22500.0
2024-10-01,6500,7,9000.0
2024-10-01,7000,6,61000.0
2024-10-01,7100,6,18500.0
2024-10-01,7200,6,63600.0
2024-11-01,4000,1,1235700.0
2024-11-01,4100,1,475300.0
2024-11-01,4200,1,665400.0
2024-11-01,5000,3,570300.0
2024-11-01,5100,3,285200.0
2024-11-01,5200,3,118800.0
2024-11-01,6000,1,123600.0
2024-11-01,6000,2,56200.0
2024-11-01,6000,3,112300.0
2024-11-01,6000,4,146000.0
2024-11-01,6000,5,56200.0
2024-11-01,6000,6,33700.0
2024-11-01,6000,7,33700.0
2024-11-01,6100,1,16200.0
2024-11-01,6100,2,132800.0
2024-11-01,6100,5,13000.0
2024-11-01,6200,1,10300.0
2024-11-01,6200,2,10300.0
2024-11-01,6200,3,12300.0
2024-11-01,6200,4,51300.0
2024-11-01,6200,5,8200.0
2024-11-01,6200,6,6200.0
2024-11-01,6200,7,4100.0
2024-11-01,6300,1,11800.0
2024-11-01,6300,2,8400.0
2024-11-01,6300,3,28600.0
2024-11-01,6300,4,16800.0
2024-11-01,6300,5,6700.0
2024-11-01,6300,6,5900.0
2024-11-01,6300,7,5900.0
2024-11-01,6400,1,19100.0
2024-11-01,6400,2,5100.0
2024-11-01,6400,3,3700.0
2024-11-01,6400,4,2200.0
2024-11-01,6400,5,4400.0
2024-11-01,6400,6,1100.0
2024-11-01,6400,7,1100.0
2024-11-01,6500,1,2300.0
2024-11-01,6500,2,3600.0
2024-11-01,6500,3,3200.0
2024-11-01,6500,4,4500.0
2024-11-01,6500,6,22700.0
2024-11-01,6500,7,9100.0
2024-11-01,7000,6,61000.0
2024-11-01,7100,6,18500.0
2024-11-01,7200,6,66500.0
2024-12-01,4000,1,1279900.0
2024-12-01,4100,1,492300.0
2024-12-01,4200,1,689200.0
2024-12-01,5000,3,590700.0
2024-12-01,5100,3,295400.0
2024-12-01,5200,3,123100.0
2024-12-01,6000,1,124500.0
2024-12-01,6000,2,56600.0
2024-12-01,6000,3,113200.0
2024-12-01,6000,4,147100.0
2024-12-01,6000,5,56600.0
2024-12-01,6000,6,33900.0
2024-12-01,6000,7,33900.0
2024-12-01,6100,1,16300.0
2024-12-01,6100,2,133800.0
2024-12-01,6100,5,13100.0
2024-12-01,6200,1,10300.0
2024-12-01,6200,2,10300.0
2024-12-01,6200,3,12400.0
2024-12-01,6200,4,51700.0
2024-12-01,6200,5,8300.0
2024-12-01,6200,6,6200.0
2024-12-01,6200,7,4100.0
2024-12-01,6300,1,11900.0
2024-12-01,6300,2,8500.0
2024-12-01,6300,3,28900.0
2024-12-01,6300,4,17000.0
2024-12-01,6300,5,6800.0
2024-12-01,6300,6,5900.0
2024-12-01,6300,7,5900.0
2024-12-01,6400,1,19200.0
2024-12-01,6400,2,5200.0
2024-12-01,6400,3,3700.0
2024-12-01,6400,4,2200.0
2024-12-01,6400,5,4400.0
2024-12-01,6400,6,1100.0
2024-12-01,6400,7,1100.0
2024-12-01,6500,1,2300.0
2024-12-01,6500,2,3700.0
2024-12-01,6500,3,3200.0
2024-12-01,6500,4,4600.0
2024-12-01,6500,6,22800.0
2024-12-01,6500,7,9100.0
2024-12-01,7000,6,61000.0
2024-12-01,7100,6,18500.0
2024-12-01,7200,6,68900.0
2025-01-01,4000,1,1304900.0
2025-01-01,4100,1,501900.0
2025-01-01,4200,1,702600.0
2025-01-01,5000,3,602200.0
2025-01-01,5100,3,301100.0
2025-01-01,5200,3,125500.0
2025-01-01,6000,1,125400.0
2025-01-01,6000,2,57000.0
2025-01-01,6000,3,114000.0
2025-01-01,6000,4,148200.0
2025-01-01,6000,5,57000.0
2025-01-01,6000,6,34200.0
2025-01-01,6000,7,34200.0
2025-01-01,6100,1,16400.0
2025-01-01,6100,2,134800.0
2025-01-01,6100,5,13200.0
2025-01-01,6200,1,10400.0
2025-01-01,6200,2,10400.0
2025-01-01,6200,3,12500.0
2025-01-01,6200,4,52100.0
2025-01-01,6200,5,8300.0
2025-01-01,6200,6,6200.0
2025-01-01,6200,7,4200.0
2025-01-01,6300,1,12000.0
2025-01-01,6300,2,8500.0
2025-01-01,6300,3,29100.0
2025-01-01,6300,4,17100.0
2025-01-01,6300,5,6800.0
2025-01-01,6300,6,6000.0
2025-01-01,6300,7,6000.0
2025-01-01,6400,1,19400.0
2025-01-01,6400,2,5200.0
2025-01-01,6400,3,3700.0
2025-01-01,6400,4,2200.0
2025-01-01,6400,5,4500.0
2025-01-01,6400,6,1100.0
2025-01-01,6400,7,1100.0
2025-01-01,6500,1,2300.0
2025-01-01,6500,2,3700.0
2025-01-01,6500,3,3200.0
2025-01-01,6500,4,4600.0
2025-01-01,6500,6,23000.0
2025-01-01,6500,7,9200.0
2025-01-01,7000,6,61000.0
2025-01-01,7100,6,18500.0
2025-01-01,7200,6,70300.0
2025-02-01,4000,1,1307000.0
2025-02-01,4100,1,502700.0
2025-02-01,4200,1,703800.0
2025-02-01,5000,3,603200.0
2025-02-01,5100,3,301600.0
2025-02-01,5200,3,125700.0
2025-02-01,6000,1,126300.0
2025-02-01,6000,2,57400.0
2025-02-01,6000,3,114800.0
2025-02-01,6000,4,149300.0
2025-02-01,6000,5,57400.0
2025-02-01,6000,6,34400.0
2025-02-01,6000,7,34400.0
2025-02-01,6100,1,16600.0
2025-02-01,6100,2,135800.0
2025-02-01,6100,5,13200.0
2025-02-01,6200,1,10500.0
2025-02-01,6200,2,10500.0
2025-02-01,6200,3,12600.0
2025-02-01,6200,4,52400.0
2025-02-01,6200,5,8400.0
2025-02-01,6200,6,6300.0
2025-02-01,6200,7,4200.0
2025-02-01,6300,1,12100.0
2025-02-01,6300,2,8600.0
2025-02-01,6300,3,29300.0
2025-02-01,6300,4,17200.0
2025-02-01,6300,5,6900.0
2025-02-01,6300,6,6000.0
2025-02-01,6300,7,6000.0
2025-02-01,6400,1,19500.0
2025-02-01,6400,2,5300.0
2025-02-01,6400,3,3800.0
2025-02-01,6400,4,2300.0
2025-02-01,6400,5,4500.0
2025-02-01,6400,6,1100.0
2025-02-01,6400,7,1100.0
2025-02-01,6500,1,2300.0
2025-02-01,6500,2,3700.0
2025-02-01,6500,3,3200.0
2025-02-01,6500,4,4600.0
2025-02-01,6500,6,23200.0
2025-02-01,6500,7,9300.0
2025-02-01,7000,6,61000.0
2025-02-01,7100,6,18500.0
2025-02-01,7200,6,70400.0
2025-03-01,4000,1,1288700.0
2025-03-01,4100,1,495600.0
2025-03-01,4200,1,693900.0
2025-03-01,5000,3,594800.0
2025-03-01,5100,3,297400.0
2025-03-01,5200,3,123900.0
2025-03-01,6000,1,127200.0
2025-03-01,6000,2,57800.0
2025-03-01,6000,3,115600.0
2025-03-01,6000,4,150300.0
2025-03-01,6000,5,57800.0
2025-03-01,6000,6,34700.0
2025-03-01,6000,7,34700.0
2025-03-01,6100,1,16700.0
2025-03-01,6100,2,136800.0
2025-03-01,6100,5,13300.0
2025-03-01,6200,1,10600.0
2025-03-01,6200,2,10600.0
2025-03-01,6200,3,12700.0
2025-03-01,6200,4,52800.0
2025-03-01,6200,5,8500.0
2025-03-01,6200,6,6300.0
2025-03-01,6200,7,4200.0
2025-03-01,6300,1,12100.0
2025-03-01,6300,2,8700.0
2025-03-01,6300,3,29500.0
2025-03-01,6300,4,17300.0
2025-03-01,6300,5,6900.0
2025-03-01,6300,6,6100.0
2025-03-01,6300,7,6100.0
2025-03-01,6400,1,19700.0
2025-03-01,6400,2,5300.0
2025-03-01,6400,3,3800.0
2025-03-01,6400,4,2300.0
2025-03-01,6400,5,4500.0
2025-03-01,6400,6,1100.0
2025-03-01,6400,7,1100.0
2025-03-01,6500,1,2300.0
2025-03-01,6500,2,3700.0
2025-03-01,6500,3,3300.0
2025-03-01,6500,4,4700.0
2025-03-01,6500,6,23400.0
2025-03-01,6500,7,9300.0
2025-03-01,7000,6,61000.0
2025-03-01,7100,6,18500.0
2025-03-01,7200,6,69400.0
2025-04-01,4000,1,1257900.0
2025-04-01,4100,1,483800.0
2025-04-01,4200,1,677300.0
2025-04-01,5000,3,580600.0
2025-04-01,5100,3,290300.0
2025-04-01,5200,3,121000.0
2025-04-01,6000,1,128100.0
2025-04-01,6000,2,58200.0
2025-04-01,6000,3,116500.0
2025-04-01,6000,4,151400.0
2025-04-01,6000,5,58200.0
2025-04-01,6000,6,34900.0
2025-04-01,6000,7,34900.0
2025-04-01,6100,1,16800.0
2025-04-01,6100,2,137800.0
2025-04-01,6100,5,13400.0
2025-04-01,6200,1,10600.0
2025-04-01,6200,2,10600.0
2025-04-01,6200,3,12800.0
2025-04-01,6200,4,53200.0
2025-04-01,6200,5,8500.0
2025-04-01,6200,6,6400.0
2025-04-01,6200,7,4300.0
2025-04-01,6300,1,12200.0
2025-04-01,6300,2,8700.0
2025-04-01,6300,3,29700.0
2025-04-01,6300,4,17500.0
2025-04-01,6300,5,7000.0
2025-04-01,6300,6,6100.0
2025-04-01,6300,7,6100.0
2025-04-01,6400,1,19800.0
2025-04-01,6400,2,5300.0
2025-04-01,6400,3,3800.0
2025-04-01,6400,4,2300.0
2025-04-01,6400,5,4600.0
2025-04-01,6400,6,1100.0
2025-04-01,6400,7,1100.0
2025-04-01,6500,1,2400.0
2025-04-01,6500,2,3800.0
2025-04-01,6500,3,3300.0
2025-04-01,6500,4,4700.0
2025-04-01,6500,6,23500.0
2025-04-01,6500,7,9400.0
2025-04-01,7000,6,61000.0
2025-04-01,7100,6,18500.0
2025-04-01,7200,6,67700.0
2025-05-01,4000,1,1226200.0
2025-05-01,4100,1,471600.0
2025-05-01,4200,1,660300.0
2025-05-01,5000,3,565900.0
2025-05-01,5100,3,283000.0
2025-05-01,5200,3,117900.0
2025-05-01,6000,1,129000.0
2025-05-01,6000,2,58700.0
2025-05-01,6000,3,117300.0
2025-05-01,6000,4,152500.0
2025-05-01,6000,5,58700.0
2025-05-01,6000,6,35200.0
2025-05-01,6000,7,35200.0
2025-05-01,6100,1,16900.0
2025-05-01,6100,2,138700.0
2025-05-01,6100,5,13500.0
2025-05-01,6200,1,10700.0
2025-05-01,6200,2,10700.0
2025-05-01,6200,3,12900.0
2025-05-01,6200,4,53600.0
2025-05-01,6200,5,8600.0
2025-05-01,6200,6,6400.0
2025-05-01,6200,7,4300.0
2025-05-01,6300,1,12300.0
2025-05-01,6300,2,8800.0
2025-05-01,6300,3,29900.0
2025-05-01,6300,4,17600.0
2025-05-01,6300,5,7000.0
2025-05-01,6300,6,6200.0
2025-05-01,6300,7,6200.0
2025-05-01,6400,1,19900.0
2025-05-01,6400,2,5400.0
2025-05-01,6400,3,3800.0
2025-05-01,6400,4,2300.0
2025-05-01,6400,5,4600.0
2025-05-01,6400,6,1200.0
2025-05-01,6400,7,1200.0
2025-05-01,6500,1,2400.0
2025-05-01,6500,2,3800.0
2025-05-01,6500,3,3300.0
2025-05-01,6500,4,4700.0
2025-05-01,6500,6,23700.0
2025-05-01,6500,7,9500.0
2025-05-01,7000,6,61000.0
2025-05-01,7100,6,18500.0
2025-05-01,7200,6,66000.0
2025-06-01,4000,1,1205700.0
2025-06-01,4100,1,463700.0
2025-06-01,4200,1,649200.0
2025-06-01,5000,3,556500.0
2025-06-01,5100,3,278200.0
2025-06-01,5200,3,115900.0
2025-06-01,6000,1,130000.0
2025-06-01,6000,2,59100.0
2025-06-01,6000,3,118100.0
2025-06-01,6000,4,153600.0
2025-06-01,6000,5,59100.0
2025-06-01,6000,6,35400.0
2025-06-01,6000,7,35400.0
2025-06-01,6100,1,17000.0
2025-06-01,6100,2,139700.0
2025-06-01,6100,5,13600.0
2025-06-01,6200,1,10800.0
2025-06-01,6200,2,10800.0
2025-06-01,6200,3,13000.0
2025-06-01,6200,4,54000.0
2025-06-01,6200,5,8600.0
2025-06-01,6200,6,6500.0
2025-06-01,6200,7,4300.0
2025-06-01,6300,1,12400.0
2025-06-01,6300,2,8900.0
2025-06-01,6300,3,30100.0
2025-06-01,6300,4,17700.0
2025-06-01,6300,5,7100.0
2025-06-01,6300,6,6200.0
2025-06-01,6300,7,6200.0
2025-06-01,6400,1,20100.0
2025-06-01,6400,2,5400.0
2025-06-01,6400,3,3900.0
2025-06-01,6400,4,2300.0
2025-06-01,6400,5,4600.0
2025-06-01,6400,6,1200.0
2025-06-01,6400,7,1200.0
2025-06-01,6500,1,2400.0
2025-06-01,6500,2,3800.0
2025-06-01,6500,3,3300.0
2025-06-01,6500,4,4800.0
2025-06-01,6500,6,23900.0
2025-06-01,6500,7,9500.0
2025-06-01,7000,6,61000.0
2025-06-01,7100,6,18500.0
2025-06-01,7200,6,64900.0
2025-07-01,4000,1,1205500.0
2025-07-01,4100,1,463700.0
2025-07-01,4200,1,649100.0
2025-07-01,5000,3,556400.0
2025-07-01,5100,3,278200.0
2025-07-01,5200,3,115900.0
2025-07-01,6000,1,130900.0
2025-07-01,6000,2,59500.0
2025-07-01,6000,3,119000.0
2025-07-01,6000,4,154700.0
2025-07-01,6000,5,59500.0
2025-07-01,6000,6,35700.0
2025-07-01,6000,7,35700.0
2025-07-01,6100,1,17200.0
2025-07-01,6100,2,140700.0
2025-07-01,6100,5,13700.0
2025-07-01,6200,1,10900.0
2025-07-01,6200,2,10900.0
2025-07-01,6200,3,13000.0
2025-07-01,6200,4,54300.0
2025-07-01,6200,5,8700.0
2025-07-01,6200,6,6500.0
2025-07-01,6200,7,4300.0
2025-07-01,6300,1,12500.0
2025-07-01,6300,2,8900.0
2025-07-01,6300,3,30300.0
2025-07-01,6300,4,17800.0
2025-07-01,6300,5,7100.0
2025-07-01,6300,6,6200.0
2025-07-01,6300,7,6200.0
2025-07-01,6400,1,20200.0
2025-07-01,6400,2,5400.0
2025-07-01,6400,3,3900.0
2025-07-01,6400,4,2300.0
2025-07-01,6400,5,4700.0
2025-07-01,6400,6,1200.0
2025-07-01,6400,7,1200.0
2025-07-01,6500,1,2400.0
2025-07-01,6500,2,3800.0
2025-07-01,6500,3,3400.0
2025-07-01,6500,4,4800.0
2025-07-01,6500,6,24000.0
2025-07-01,6500,7,9600.0
2025-07-01,7000,6,61000.0
2025-07-01,7100,6,18500.0
2025-07-01,7200,6,64900.0
2025-08-01,4000,1,1229700.0
2025-08-01,4100,1,473000.0
2025-08-01,4200,1,662100.0
2025-08-01,5000,3,567500.0
2025-08-01,5100,3,283800.0
2025-08-01,5200,3,118200.0
2025-08-01,6000,1,131800.0
2025-08-01,6000,2,59900.0
2025-08-01,6000,3,119800.0
2025-08-01,6000,4,155800.0
2025-08-01,6000,5,59900.0
2025-08-01,6000,6,35900.0
2025-08-01,6000,7,35900.0
2025-08-01,6100,1,17300.0
2025-08-01,6100,2,141700.0
2025-08-01,6100,5,13800.0
2025-08-01,6200,1,10900.0
2025-08-01,6200,2,10900.0
2025-08-01,6200,3,13100.0
2025-08-01,6200,4,54700.0
2025-08-01,6200,5,8800.0
2025-08-01,6200,6,6600.0
2025-08-01,6200,7,4400.0
2025-08-01,6300,1,12600.0
2025-08-01,6300,2,9000.0
2025-08-01,6300,3,30600.0
2025-08-01,6300,4,18000.0
2025-08-01,6300,5,7200.0
2025-08-01,6300,6,6300.0
2025-08-01,6300,7,6300.0
2025-08-01,6400,1,20400.0
2025-08-01,6400,2,5500.0
2025-08-01,6400,3,3900.0
2025-08-01,6400,4,2400.0
2025-08-01,6400,5,4700.0
2025-08-01,6400,6,1200.0
2025-08-01,6400,7,1200.0
2025-08-01,6500,1,2400.0
2025-08-01,6500,2,3900.0
2025-08-01,6500,3,3400.0
2025-08-01,6500,4,4800.0
2025-08-01,6500,6,24200.0
2025-08-01,6500,7,9700.0
2025-08-01,7000,6,61000.0
2025-08-01,7100,6,18500.0
2025-08-01,7200,6,66200.0
2025-09-01,4000,1,1275600.0
2025-09-01,4100,1,490600.0
2025-09-01,4200,1,686800.0
2025-09-01,5000,3,588700.0
2025-09-01,5100,3,294400.0
2025-09-01,5200,3,122700.0
2025-09-01,6000,1,132700.0
2025-09-01,6000,2,60300.0
2025-09-01,6000,3,120600.0
2025-09-01,6000,4,156800.0
2025-09-01,6000,5,60300.0
2025-09-01,6000,6,36200.0
2025-09-01,6000,7,36200.0
2025-09-01,6100,1,17400.0
2025-09-01,6100,2,142700.0
2025-09-01,6100,5,13900.0
2025-09-01,6200,1,11000.0
2025-09-01,6200,2,11000.0
2025-09-01,6200,3,13200.0
2025-09-01,6200,4,55100.0
2025-09-01,6200,5,8800.0
2025-09-01,6200,6,6600.0
2025-09-01,6200,7,4400.0
2025-09-01,6300,1,12700.0
2025-09-01,6300,2,9000.0
2025-09-01,6300,3,30800.0
2025-09-01,6300,4,18100.0
2025-09-01,6300,5,7200.0
2025-09-01,6300,6,6300.0
2025-09-01,6300,7,6300.0
2025-09-01,6400,1,20500.0
2025-09-01,6400,2,5500.0
2025-09-01,6400,3,3900.0
2025-09-01,6400,4,2400.0
2025-09-01,6400,5,4700.0
2025-09-01,6400,6,1200.0
2025-09-01,6400,7,1200.0
2025-09-01,6500,1,2400.0
2025-09-01,6500,2,3900.0
2025-09-01,6500,3,3400.0
2025-09-01,6500,4,4900.0
2025-09-01,6500,6,24400.0
2025-09-01,6500,7,9700.0
2025-09-01,7000,6,61000.0
2025-09-01,7100,6,18500.0
2025-09-01,7200,6,68700.0
2025-10-01,4000,1,1334600.0
2025-10-01,4100,1,513300.0
2025-10-01,4200,1,718600.0
2025-10-01,5000,3,616000.0
2025-10-01,5100,3,308000.0
2025-10-01,5200,3,128300.0
2025-10-01,6000,1,133600.0
2025-10-01,6000,2,60700.0
2025-10-01,6000,3,121500.0
2025-10-01,6000,4,157900.0
2025-10-01,6000,5,60700.0
2025-10-01,6000,6,36400.0
2025-10-01,6000,7,36400.0
2025-10-01,6100,1,17500.0
2025-10-01,6100,2,143700.0
2025-10-01,6100,5,14000.0
2025-10-01,6200,1,11100.0
2025-10-01,6200,2,11100.0
2025-10-01,6200,3,13300.0
2025-10-01,6200,4,55500.0
2025-10-01,6200,5,8900.0
2025-10-01,6200,6,6700.0
2025-10-01,6200,7,4400.0
2025-10-01,6300,1,12800.0
2025-10-01,6300,2,9100.0
2025-10-01,6300,3,31000.0
2025-10-01,6300,4,18200.0
2025-10-01,6300,5,7300.0
2025-10-01,6300,6,6400.0
2025-10-01,6300,7,6400.0
2025-10-01,6400,1,20700.0
2025-10-01,6400,2,5600.0
2025-10-01,6400,3,4000.0
2025-10-01,6400,4,2400.0
2025-10-01,6400,5,4800.0
2025-10-01,6400,6,1200.0
2025-10-01,6400,7,1200.0
2025-10-01,6500,1,2500.0
2025-10-01,6500,2,3900.0
2025-10-01,6500,3,3400.0
2025-10-01,6500,4,4900.0
2025-10-01,6500,6,24500.0
2025-10-01,6500,7,9800.0
2025-10-01,7000,6,61000.0
2025-10-01,7100,6,18500.0
2025-10-01,7200,6,71900.0
2025-11-01,4000,1,1394600.0
2025-11-01,4100,1,536400.0
2025-11-01,4200,1,750900.0
2025-11-01,5000,3,643700.0
2025-11-01,5100,3,321800.0
2025-11-01,5200,3,134100.0
2025-11-01,6000,1,134500.0
2025-11-01,6000,2,61200.0
2025-11-01,6000,3,122300.0
2025-11-01,6000,4,159000.0
2025-11-01,6000,5,61200.0
2025-11-01,6000,6,36700.0
2025-11-01,6000,7,36700.0
2025-11-01,6100,1,17600.0
2025-11-01,6100,2,144600.0
2025-11-01,6100,5,14100.0
2025-11-01,6200,1,11200.0
2025-11-01,6200,2,11200.0
2025-11-01,6200,3,13400.0
2025-11-01,6200,4,55900.0
2025-11-01,6200,5,8900.0
2025-11-01,6200,6,6700.0
2025-11-01,6200,7,4500.0
2025-11-01,6300,1,12800.0
2025-11-01,6300,2,9200.0
2025-11-01,6300,3,31200.0
2025-11-01,6300,4,18300.0
2025-11-01,6300,5,7300.0
2025-11-01,6300,6,6400.0
2025-11-01,6300,7,6400.0
2025-11-01,6400,1,20800.0
2025-11-01,6400,2,5600.0
2025-11-01,6400,3,4000.0
2025-11-01,6400,4,2400.0
2025-11-01,6400,5,4800.0
2025-11-01,6400,6,1200.0
2025-11-01,6400,7,1200.0
2025-11-01,6500,1,2500.0
2025-11-01,6500,2,4000.0
2025-11-01,6500,3,3500.0
2025-11-01,6500,4,4900.0
2025-11-01,6500,6,24700.0
2025-11-01,6500,7,9900.0
2025-11-01,7000,6,61000.0
2025-11-01,7100,6,18500.0
2025-11-01,7200,6,75100.0
2025-12-01,4000,1,1442700.0
2025-12-01,4100,1,554900.0
2025-12-01,4200,1,776800.0
2025-12-01,5000,3,665800.0
2025-12-01,5100,3,332900.0
2025-12-01,5200,3,138700.0
2025-12-01,6000,1,135400.0
2025-12-01,6000,2,61600.0
2025-12-01,6000,3,123100.0
2025-12-01,6000,4,160100.0
2025-12-01,6000,5,61600.0
2025-12-01,6000,6,36900.0
2025-12-01,6000,7,36900.0
2025-12-01,6100,1,17800.0
2025-12-01,6100,2,145600.0
2025-12-01,6100,5,14200.0
2025-12-01,6200,1,11200.0
2025-12-01,6200,2,11200.0
2025-12-01,6200,3,13500.0
2025-12-01,6200,4,56200.0
2025-12-01,6200,5,9000.0
2025-12-01,6200,6,6700.0
2025-12-01,6200,7,4500.0
2025-12-01,6300,1,12900.0
2025-12-01,6300,2,9200.0
2025-12-01,6300,3,31400.0
2025-12-01,6300,4,18500.0
2025-12-01,6300,5,7400.0
2025-12-01,6300,6,6500.0
2025-12-01,6300,7,6500.0
2025-12-01,6400,1,20900.0
2025-12-01,6400,2,5600.0
2025-12-01,6400,3,4000.0
2025-12-01,6400,4,2400.0
2025-12-01,6400,5,4800.0
2025-12-01,6400,6,1200.0
2025-12-01,6400,7,1200.0
2025-12-01,6500,1,2500.0
2025-12-01,6500,2,4000.0
2025-12-01,6500,3,3500.0
2025-12-01,6500,4,5000.0
2025-12-01,6500,6,24900.0
2025-12-01,6500,7,9900.0
2025-12-01,7000,6,61000.0
2025-12-01,7100,6,18500.0
2025-12-01,7200,6,77700.0
2026-01-01,4000,1,1469100.0
2026-01-01,4100,1,565000.0
2026-01-01,4200,1,791100.0
2026-01-01,5000,3,678100.0
2026-01-01,5100,3,339000.0
2026-01-01,5200,3,141300.0
2026-01-01,6000,1,136400.0
2026-01-01,6000,2,62000.0
2026-01-01,6000,3,124000.0
2026-01-01,6000,4,161200.0
2026-01-01,6000,5,62000.0
2026-01-01,6000,6,37200.0
2026-01-01,6000,7,37200.0
2026-01-01,6100,1,17900.0
2026-01-01,6100,2,146600.0
2026-01-01,6100,5,14300.0
2026-01-01,6200,1,11300.0
2026-01-01,6200,2,11300.0
2026-01-01,6200,3,13600.0
2026-01-01,6200,4,56600.0
2026-01-01,6200,5,9100.0
2026-01-01,6200,6,6800.0
2026-01-01,6200,7,4500.0
2026-01-01,6300,1,13000.0
2026-01-01,6300,2,9300.0
2026-01-01,6300,3,31600.0
2026-01-01,6300,4,18600.0
2026-01-01,6300,5,7400.0
2026-01-01,6300,6,6500.0
2026-01-01,6300,7,6500.0
2026-01-01,6400,1,21100.0
2026-01-01,6400,2,5700.0
2026-01-01,6400,3,4100.0
2026-01-01,6400,4,2400.0
2026-01-01,6400,5,4900.0
2026-01-01,6400,6,1200.0
2026-01-01,6400,7,1200.0
2026-01-01,6500,1,2500.0
2026-01-01,6500,2,4000.0
2026-01-01,6500,3,3500.0
2026-01-01,6500,4,5000.0
2026-01-01,6500,6,25000.0
2026-01-01,6500,7,10000.0
2026-01-01,7000,6,61000.0
2026-01-01,7100,6,18500.0
2026-01-01,7200,6,79100.0
2026-02-01,4000,1,1469800.0
2026-02-01,4100,1,565300.0
2026-02-01,4200,1,791400.0
2026-02-01,5000,3,678400.0
2026-02-01,5100,3,339200.0
2026-02-01,5200,3,141300.0
2026-02-01,6000,1,137300.0
2026-02-01,6000,2,62400.0
2026-02-01,6000,3,124800.0
2026-02-01,6000,4,162200.0
2026-02-01,6000,5,62400.0
2026-02-01,6000,6,37400.0
2026-02-01,6000,7,37400.0
2026-02-01,6100,1,18000.0
2026-02-01,6100,2,147600.0
2026-02-01,6100,5,14400.0
2026-02-01,6200,1,11400.0
2026-02-01,6200,2,11400.0
2026-02-01,6200,3,13700.0
2026-02-01,6200,4,57000.0
2026-02-01,6200,5,9100.0
2026-02-01,6200,6,6800.0
2026-02-01,6200,7,4600.0
2026-02-01,6300,1,13100.0
2026-02-01,6300,2,9400.0
2026-02-01,6300,3,31800.0
2026-02-01,6300,4,18700.0
2026-02-01,6300,5,7500.0
2026-02-01,6300,6,6600.0
2026-02-01,6300,7,6600.0
2026-02-01,6400,1,21200.0
2026-02-01,6400,2,5700.0
2026-02-01,6400,3,4100.0
2026-02-01,6400,4,2400.0
2026-02-01,6400,5,4900.0
2026-02-01,6400,6,1200.0
2026-02-01,6400,7,1200.0
2026-02-01,6500,1,2500.0
2026-02-01,6500,2,4000.0
2026-02-01,6500,3,3500.0
2026-02-01,6500,4,5000.0
2026-02-01,6500,6,25200.0
2026-02-01,6500,7,10100.0
2026-02-01,7000,6,61000.0
2026-02-01,7100,6,18500.0
2026-02-01,7200,6,79100.0
2026-03-01,4000,1,1447500.0
2026-03-01,4100,1,556700.0
2026-03-01,4200,1,779400.0
2026-03-01,5000,3,668100.0
2026-03-01,5100,3,334000.0
2026-03-01,5200,3,139200.0
2026-03-01,6000,1,138200.0
2026-03-01,6000,2,62800.0
2026-03-01,6000,3,125600.0
2026-03-01,6000,4,163300.0
2026-03-01,6000,5,62800.0
2026-03-01,6000,6,37700.0
2026-03-01,6000,7,37700.0
2026-03-01,6100,1,18100.0
2026-03-01,6100,2,148600.0
2026-03-01,6100,5,14500.0
2026-03-01,6200,1,11500.0
2026-03-01,6200,2,11500.0
2026-03-01,6200,3,13800.0
2026-03-01,6200,4,57400.0
2026-03-01,6200,5,9200.0
2026-03-01,6200,6,6900.0
2026-03-01,6200,7,4600.0
2026-03-01,6300,1,13200.0
2026-03-01,6300,2,9400.0
2026-03-01,6300,3,32000.0
2026-03-01,6300,4,18800.0
2026-03-01,6300,5,7500.0
2026-03-01,6300,6,6600.0
2026-03-01,6300,7,6600.0
2026-03-01,6400,1,21400.0
2026-03-01,6400,2,5800.0
2026-03-01,6400,3,4100.0
2026-03-01,6400,4,2500.0
2026-03-01,6400,5,4900.0
2026-03-01,6400,6,1200.0
2026-03-01,6400,7,1200.0
2026-03-01,6500,1,2500.0
2026-03-01,6500,2,4100.0
2026-03-01,6500,3,3600.0
2026-03-01,6500,4,5100.0
2026-03-01,6500,6,25400.0
2026-03-01,6500,7,10100.0
2026-03-01,7000,6,61000.0
2026-03-01,7100,6,18500.0
2026-03-01,7200,6,77900.0
2026-04-01,4000,1,1411400.0
2026-04-01,4100,1,542800.0
2026-04-01,4200,1,760000.0
2026-04-01,5000,3,651400.0
2026-04-01,5100,3,325700.0
2026-04-01,5200,3,135700.0
2026-04-01,6000,1,139100.0
2026-04-01,6000,2,63200.0
2026-04-01,6000,3,126500.0
2026-04-01,6000,4,164400.0
2026-04-01,6000,5,63200.0
2026-04-01,6000,6,37900.0
2026-04-01,6000,7,37900.0
2026-04-01,6100,1,18200.0
2026-04-01,6100,2,149600.0
2026-04-01,6100,5,14600.0
2026-04-01,6200,1,11600.0
2026-04-01,6200,2,11600.0
2026-04-01,6200,3,13900.0
2026-04-01,6200,4,57800.0
2026-04-01,6200,5,9200.0
2026-04-01,6200,6,6900.0
2026-04-01,6200,7,4600.0
2026-04-01,6300,1,13300.0
2026-04-01,6300,2,9500.0
2026-04-01,6300,3,32200.0
2026-04-01,6300,4,19000.0
2026-04-01,6300,5,7600.0
2026-04-01,6300,6,6600.0
2026-04-01,6300,7,6600.0
2026-04-01,6400,1,21500.0
2026-04-01,6400,2,5800.0
2026-04-01,6400,3,4100.0
2026-04-01,6400,4,2500.0
2026-04-01,6400,5,5000.0
2026-04-01,6400,6,1200.0
2026-04-01,6400,7,1200.0
2026-04-01,6500,1,2600.0
2026-04-01,6500,2,4100.0
2026-04-01,6500,3,3600.0
2026-04-01,6500,4,5100.0
2026-04-01,6500,6,25500.0
2026-04-01,6500,7,10200.0
2026-04-01,7000,6,61000.0
2026-04-01,7100,6,18500.0
2026-04-01,7200,6,76000.0
2026-05-01,4000,1,1374300.0
2026-05-01,4100,1,528600.0
2026-05-01,4200,1,740000.0
2026-05-01,5000,3,634300.0
2026-05-01,5100,3,317200.0
2026-05-01,5200,3,132100.0
2026-05-01,6000,1,140000.0
2026-05-01,6000,2,63600.0
2026-05-01,6000,3,127300.0
2026-05-01,6000,4,165500.0
2026-05-01,6000,5,63600.0
2026-05-01,6000,6,38200.0
2026-05-01,6000,7,38200.0
2026-05-01,6100,1,18400.0
2026-05-01,6100,2,150600.0
2026-05-01,6100,5,14700.0
2026-05-01,6200,1,11600.0
2026-05-01,6200,2,11600.0
2026-05-01,6200,3,14000.0
2026-05-01,6200,4,58100.0
2026-05-01,6200,5,9300.0
2026-05-01,6200,6,7000.0
2026-05-01,6200,7,4700.0
2026-05-01,6300,1,13400.0
2026-05-01,6300,2,9500.0
2026-05-01,6300,3,32500.0
2026-05-01,6300,4,19100.0
2026-05-01,6300,5,7600.0
2026-05-01,6300,6,6700.0
2026-05-01,6300,7,6700.0
2026-05-01,6400,1,21600.0
2026-05-01,6400,2,5800.0
2026-05-01,6400,3,4200.0
2026-05-01,6400,4,2500.0
2026-05-01,6400,5,5000.0
2026-05-01,6400,6,1200.0
2026-05-01,6400,7,1200.0
2026-05-01,6500,1,2600.0
2026-05-01,6500,2,4100.0
2026-05-01,6500,3,3600.0
2026-05-01,6500,4,5100.0
2026-05-01,6500,6,25700.0
2026-05-01,6500,7,10300.0
2026-05-01,7000,6,61000.0
2026-05-01,7100,6,18500.0
2026-05-01,7200,6,74000.0
2026-06-01,4000,1,1349900.0
2026-06-01,4100,1,519200.0
2026-06-01,4200,1,726800.0
2026-06-01,5000,3,623000.0
2026-06-01,5100,3,311500.0
2026-06-01,5200,3,129800.0
2026-06-01,6000,1,140900.0
2026-06-01,6000,2,64100.0
2026-06-01,6000,3,128100.0
2026-06-01,6000,4,166600.0
2026-06-01,6000,5,64100.0
2026-06-01,6000,6,38400.0
2026-06-01,6000,7,38400.0
2026-06-01,6100,1,18500.0
2026-06-01,6100,2,151500.0
2026-06-01,6100,5,14800.0
2026-06-01,6200,1,11700.0
2026-06-01,6200,2,11700.0
2026-06-01,6200,3,14000.0
2026-06-01,6200,4,58500.0
2026-06-01,6200,5,9400.0
2026-06-01,6200,6,7000.0
2026-06-01,6200,7,4700.0
2026-06-01,6300,1,13500.0
2026-06-01,6300,2,9600.0
2026-06-01,6300,3,32700.0
2026-06-01,6300,4,19200.0
2026-06-01,6300,5,7700.0
2026-06-01,6300,6,6700.0
2026-06-01,6300,7,6700.0
2026-06-01,6400,1,21800.0
2026-06-01,6400,2,5900.0
2026-06-01,6400,3,4200.0
2026-06-01,6400,4,2500.0
2026-06-01,6400,5,5000.0
2026-06-01,6400,6,1300.0
2026-06-01,6400,7,1300.0
2026-06-01,6500,1,2600.0
2026-06-01,6500,2,4100.0
2026-06-01,6500,3,3600.0
2026-06-01,6500,4,5200.0
2026-06-01,6500,6,25900.0
2026-06-01,6500,7,10300.0
2026-06-01,7000,6,61000.0
2026-06-01,7100,6,18500.0
2026-06-01,7200,6,72700.0
2026-07-01,4000,1,1348300.0
2026-07-01,4100,1,518600.0
2026-07-01,4200,1,726000.0
2026-07-01,5000,3,622300.0
2026-07-01,5100,3,311100.0
2026-07-01,5200,3,129600.0
2026-07-01,6000,1,141900.0
2026-07-01,6000,2,64500.0
2026-07-01,6000,3,129000.0
2026-07-01,6000,4,167600.0
2026-07-01,6000,5,64500.0
2026-07-01,6000,6,38700.0
2026-07-01,6000,7,38700.0
2026-07-01,6100,1,18600.0
2026-07-01,6100,2,152500.0
2026-07-01,6100,5,14900.0
2026-07-01,6200,1,11800.0
2026-07-01,6200,2,11800.0
2026-07-01,6200,3,14100.0
2026-07-01,6200,4,58900.0
2026-07-01,6200,5,9400.0
2026-07-01,6200,6,7100.0
2026-07-01,6200,7,4700.0
2026-07-01,6300,1,13500.0
2026-07-01,6300,2,9700.0
2026-07-01,6300,3,32900.0
2026-07-01,6300,4,19300.0
2026-07-01,6300,5,7700.0
2026-07-01,6300,6,6800.0
2026-07-01,6300,7,6800.0
2026-07-01,6400,1,21900.0
2026-07-01,6400,2,5900.0
2026-07-01,6400,3,4200.0
2026-07-01,6400,4,2500.0
2026-07-01,6400,5,5100.0
2026-07-01,6400,6,1300.0
2026-07-01,6400,7,1300.0
2026-07-01,6500,1,2600.0
2026-07-01,6500,2,4200.0
2026-07-01,6500,3,3600.0
2026-07-01,6500,4,5200.0
2026-07-01,6500,6,26000.0
2026-07-01,6500,7,10400.0
2026-07-01,7000,6,61000.0
2026-07-01,7100,6,18500.0
2026-07-01,7200,6,72600.0
2026-08-01,4000,1,1373900.0
2026-08-01,4100,1,528400.0
2026-08-01,4200,1,739800.0
2026-08-01,5000,3,634100.0
2026-08-01,5100,3,317100.0
2026-08-01,5200,3,132100.0
2026-08-01,6000,1,142800.0
2026-08-01,6000,2,64900.0
2026-08-01,6000,3,129800.0
2026-08-01,6000,4,168700.0
2026-08-01,6000,5,64900.0
2026-08-01,6000,6,38900.0
2026-08-01,6000,7,38900.0
2026-08-01,6100,1,18700.0
2026-08-01,6100,2,153500.0
2026-08-01,6100,5,15000.0
2026-08-01,6200,1,11900.0
2026-08-01,6200,2,11900.0
2026-08-01,6200,3,14200.0
2026-08-01,6200,4,59300.0
2026-08-01,6200,5,9500.0
2026-08-01,6200,6,7100.0
2026-08-01,6200,7,4700.0
2026-08-01,6300,1,13600.0
2026-08-01,6300,2,9700.0
2026-08-01,6300,3,33100.0
2026-08-01,6300,4,19500.0
2026-08-01,6300,5,7800.0
2026-08-01,6300,6,6800.0
2026-08-01,6300,7,6800.0
2026-08-01,6400,1,22100.0
2026-08-01,6400,2,5900.0
2026-08-01,6400,3,4200.0
2026-08-01,6400,4,2500.0
2026-08-01,6400,5,5100.0
2026-08-01,6400,6,1300.0
2026-08-01,6400,7,1300.0
2026-08-01,6500,1,2600.0
2026-08-01,6500,2,4200.0
2026-08-01,6500,3,3700.0
2026-08-01,6500,4,5200.0
2026-08-01,6500,6,26200.0
2026-08-01,6500,7,10500.0
2026-08-01,7000,6,61000.0
2026-08-01,7100,6,18500.0
2026-08-01,7200,6,74000.0
2026-09-01,4000,1,1423700.0
2026-09-01,4100,1,547600.0
2026-09-01,4200,1,766600.0
2026-09-01,5000,3,657100.0
2026-09-01,5100,3,328500.0
2026-09-01,5200,3,136900.0
2026-09-01,6000,1,143700.0
2026-09-01,6000,2,65300.0
2026-09-01,6000,3,130600.0
2026-09-01,6000,4,169800.0
2026-09-01,6000,5,65300.0
2026-09-01,6000,6,39200.0
2026-09-01,6000,7,39200.0
2026-09-01,6100,1,18800.0
2026-09-01,6100,2,154500.0
2026-09-01,6100,5,15100.0
2026-09-01,6200,1,11900.0
2026-09-01,6200,2,11900.0
2026-09-01,6200,3,14300.0
2026-09-01,6200,4,59700.0
2026-09-01,6200,5,9500.0
2026-09-01,6200,6,7200.0
2026-09-01,6200,7,4800.0
2026-09-01,6300,1,13700.0
2026-09-01,6300,2,9800.0
2026-09-01,6300,3,33300.0
2026-09-01,6300,4,19600.0
2026-09-01,6300,5,7800.0
2026-09-01,6300,6,6900.0
2026-09-01,6300,7,6900.0
2026-09-01,6400,1,22200.0
2026-09-01,6400,2,6000.0
2026-09-01,6400,3,4300.0
2026-09-01,6400,4,2600.0
2026-09-01,6400,5,5100.0
2026-09-01,6400,6,1300.0
2026-09-01,6400,7,1300.0
2026-09-01,6500,1,2600.0
2026-09-01,6500,2,4200.0
2026-09-01,6500,3,3700.0
2026-09-01,6500,4,5300.0
2026-09-01,6500,6,26400.0
2026-09-01,6500,7,10600.0
2026-09-01,7000,6,61000.0
2026-09-01,7100,6,18500.0
2026-09-01,7200,6,76700.0
