Month,CashBalance,AccountsPayable,OperatingCashFlow,Capex,DebtService
2024-01-01,5564172.78,1364708.13,280925.44,71752.66,45000
2024-02-01,5730827.55,1245891.46,263782.36,52127.59,45000
2024-03-01,5979658.78,1161300.24,364052.32,70221.09,45000
2024-04-01,6110691.81,1299593.29,245229.54,69196.52,45000
2024-05-01,6180227.14,1165563.6,193570.51,79035.17,45000
2024-06-01,6183119.31,1139034.75,92490.72,44598.56,45000
2024-07-01,6527375.75,1266552.52,476485.84,87229.4,45000
2024-08-01,6281131.74,1167052.5,-119431.26,81812.75,45000
2024-09-01,5890983.9,1321045.99,-50194.76,294953.09,45000
2024-10-01,6178010.88,1280213.17,394186.0,62159.01,45000
2024-11-01,6516947.93,1368698.33,429813.28,45876.22,45000
2024-12-01,8365791.48,1378063.93,1962670.66,68827.11,45000
2025-01-01,8398597.68,1371018.79,128355.77,50549.57,45000
2025-02-01,8829461.94,1300888.45,572618.21,96753.95,45000
2025-03-01,8063152.28,1354142.56,-656358.01,64951.64,45000
2025-04-01,7956251.26,1382001.29,6452.61,68353.63,45000
2025-05-01,8450872.14,1336598.39,602037.62,62416.74,45000
2025-06-01,7853322.46,1242921.82,-215304.92,337244.76,45000
2025-07-01,7525432.41,1337390.95,-205089.19,77800.86,45000
2025-08-01,6822400.57,1326425.75,-568535.97,89495.88,45000
2025-09-01,6989867.04,1372244.87,242648.82,30182.34,45000
2025-10-01,7504002.92,1397149.74,603642.04,44506.16,45000
2025-11-01,8343725.07,1543168.16,938748.64,54026.49,45000
2025-12-01,8861563.25,1520695.84,630731.17,67892.99,45000
2026-01-01,9431462.66,1526225.35,666234.97,51335.56,45000
2026-02-01,10069784.86,1495126.82,757614.73,74292.54,45000
2026-03-01,10305208.47,1521305.54,700717.29,420293.67,45000
2026-04-01,10084871.36,1455180.22,-118521.9,56815.21,45000
2026-05-01,9105757.52,1460623.46,-869741.07,64372.77,45000
2026-06-01,9313002.81,1433216.61,360399.98,108154.69,45000
2026-07-01,9477102.13,1524938.71,267082.24,57982.92,45000
2026-08-01,9812771.17,1412827.85,430150.39,49481.35,45000
2026-09-01,9435002.92,1490876.43,-287555.33,45212.93,45000
