Month,AccountCode,DepartmentKey,Amount
2024-01-01,4000,1,1156442.15
2024-01-01,4100,1,429240.68
2024-01-01,4200,1,624001.22
2024-01-01,5000,3,545243.49
2024-01-01,5100,3,266372.69
2024-01-01,5200,3,109563.82
2024-01-01,6000,1,116098.33
2024-01-01,6000,2,55547.61
2024-01-01,6000,3,96404.71
2024-01-01,6000,4,146370.73
2024-01-01,6000,5,50694.37
2024-01-01,6000,6,30782.73
2024-01-01,6000,7,30421.55
2024-01-01,6100,1,14459.87
2024-01-01,6100,2,121534.25
2024-01-01,6100,5,12268.63
2024-01-01,6200,1,9682.46
2024-01-01,6200,2,9676.88
2024-01-01,6200,3,11304.53
2024-01-01,6200,4,49470.31
2024-01-01,6200,5,7196.19
2024-01-01,6200,6,5821.33
2024-01-01,6200,7,3849.36
2024-01-01,6300,1,11334.04
2024-01-01,6300,2,8245.75
2024-01-01,6300,3,23587.06
2024-01-01,6300,4,15493.92
2024-01-01,6300,5,6165.28
2024-01-01,6300,6,5220.09
2024-01-01,6300,7,4928.35
2024-01-01,6400,1,20144.5
2024-01-01,6400,2,5010.52
2024-01-01,6400,3,3501.07
2024-01-01,6400,4,2055.57
2024-01-01,6400,5,3995.68
2024-01-01,6400,6,1025.24
2024-01-01,6400,7,1021.51
2024-01-01,6500,1,1773.48
2024-01-01,6500,2,3489.22
2024-01-01,6500,3,3104.12
2024-01-01,6500,4,4145.48
2024-01-01,6500,6,20959.22
2024-01-01,6500,7,9424.25
2024-01-01,7000,6,59733.82
2024-01-01,7100,6,18207.72
2024-01-01,7200,6,61338.42
2024-02-01,4000,1,1144320.06
2024-02-01,4100,1,446038.48
2024-02-01,4200,1,620670.58
2024-02-01,5000,3,551915.24
2024-02-01,5100,3,262655.68
2024-02-01,5200,3,107256.12
2024-02-01,6000,1,122962.66
2024-02-01,6000,2,53603.16
2024-02-01,6000,3,100797.41
2024-02-01,6000,4,142092.24
2024-02-01,6000,5,53820.73
2024-02-01,6000,6,32073.1
2024-02-01,6000,7,30101.8
2024-02-01,6100,1,14666.85
2024-02-01,6100,2,122223.72
2024-02-01,6100,5,12911.01
2024-02-01,6200,1,8538.0
2024-02-01,6200,2,9937.99
2024-02-01,6200,3,11914.03
2024-02-01,6200,4,52038.23
2024-02-01,6200,5,7554.5
2024-02-01,6200,6,5522.37
2024-02-01,6200,7,3607.4
2024-02-01,6300,1,10820.38
2024-02-01,6300,2,8208.95
2024-02-01,6300,3,25040.04
2024-02-01,6300,4,16283.36
2024-02-01,6300,5,6336.91
2024-02-01,6300,6,5824.27
2024-02-01,6300,7,5586.13
2024-02-01,6400,1,19688.15
2024-02-01,6400,2,4672.99
2024-02-01,6400,3,3330.9
2024-02-01,6400,4,2053.85
2024-02-01,6400,5,3942.18
2024-02-01,6400,6,1086.7
2024-02-01,6400,7,1010.81
2024-02-01,6500,1,2097.2
2024-02-01,6500,2,3374.45
2024-02-01,6500,3,3216.66
2024-02-01,6500,4,4468.87
2024-02-01,6500,6,23228.33
2024-02-01,6500,7,8479.7
2024-02-01,7000,6,61068.1
2024-02-01,7100,6,18826.31
2024-02-01,7200,6,61653.1
2024-03-01,4000,1,1190598.77
2024-03-01,4100,1,439524.61
2024-03-01,4200,1,592218.62
2024-03-01,5000,3,506890.44
2024-03-01,5100,3,242972.91
2024-03-01,5200,3,104549.08
2024-03-01,6000,1,117231.98
2024-03-01,6000,2,50739.94
2024-03-01,6000,3,100110.11
2024-03-01,6000,4,132972.7
2024-03-01,6000,5,53175.05
2024-03-01,6000,6,30941.25
2024-03-01,6000,7,31432.65
2024-03-01,6100,1,15852.78
2024-03-01,6100,2,122781.9
2024-03-01,6100,5,11567.51
2024-03-01,6200,1,10218.09
2024-03-01,6200,2,10010.62
2024-03-01,6200,3,12569.92
2024-03-01,6200,4,47808.98
2024-03-01,6200,5,7775.89
2024-03-01,6200,6,5864.02
2024-03-01,6200,7,3946.55
2024-03-01,6300,1,11386.4
2024-03-01,6300,2,7927.57
2024-03-01,6300,3,30241.13
2024-03-01,6300,4,16660.06
2024-03-01,6300,5,6246.67
2024-03-01,6300,6,5225.9
2024-03-01,6300,7,5587.68
2024-03-01,6400,1,19592.54
2024-03-01,6400,2,4537.26
2024-03-01,6400,3,3743.46
2024-03-01,6400,4,2226.7
2024-03-01,6400,5,4255.41
2024-03-01,6400,6,1038.41
2024-03-01,6400,7,1142.13
2024-03-01,6500,1,1971.64
2024-03-01,6500,2,3150.27
2024-03-01,6500,3,2815.56
2024-03-01,6500,4,4008.29
2024-03-01,6500,6,20309.94
2024-03-01,6500,7,8024.52
2024-03-01,7000,6,60137.23
2024-03-01,7100,6,18244.91
2024-03-01,7200,6,58716.58
2024-04-01,4000,1,1111487.91
2024-04-01,4100,1,433899.61
2024-04-01,4200,1,593095.49
2024-04-01,5000,3,516084.34
2024-04-01,5100,3,259744.73
2024-04-01,5200,3,110108.82
2024-04-01,6000,1,115240.7
2024-04-01,6000,2,52344.18
2024-04-01,6000,3,99665.77
2024-04-01,6000,4,133095.17
2024-04-01,6000,5,59378.89
2024-04-01,6000,6,32982.38
2024-04-01,6000,7,31474.8
2024-04-01,6100,1,16123.02
2024-04-01,6100,2,121014.87
2024-04-01,6100,5,12113.95
2024-04-01,6200,1,10963.25
2024-04-01,6200,2,9295.58
2024-04-01,6200,3,11636.48
2024-04-01,6200,4,48526.06
2024-04-01,6200,5,7743.7
2024-04-01,6200,6,5549.13
2024-04-01,6200,7,4130.76
2024-04-01,6300,1,10685.3
2024-04-01,6300,2,8082.33
2024-04-01,6300,3,27586.93
2024-04-01,6300,4,15352.8
2024-04-01,6300,5,6377.19
2024-04-01,6300,6,4971.11
2024-04-01,6300,7,5574.14
2024-04-01,6400,1,17954.43
2024-04-01,6400,2,4759.06
2024-04-01,6400,3,3374.29
2024-04-01,6400,4,2235.33
2024-04-01,6400,5,4138.07
2024-04-01,6400,6,1080.36
2024-04-01,6400,7,1089.06
2024-04-01,6500,1,2156.59
2024-04-01,6500,2,3366.83
2024-04-01,6500,3,3006.62
2024-04-01,6500,4,4088.97
2024-04-01,6500,6,22943.35
2024-04-01,6500,7,8093.81
2024-04-01,7000,6,62239.14
2024-04-01,7100,6,17957.12
2024-04-01,7200,6,59338.92
2024-05-01,4000,1,1061505.6
2024-05-01,4100,1,412731.42
2024-05-01,4200,1,579335.92
2024-05-01,5000,3,458578.31
2024-05-01,5100,3,261903.24
2024-05-01,5200,3,108197.2
2024-05-01,6000,1,108327.12
2024-05-01,6000,2,53320.07
2024-05-01,6000,3,107913.75
2024-05-01,6000,4,144928.02
2024-05-01,6000,5,52086.11
2024-05-01,6000,6,29962.2
2024-05-01,6000,7,33348.3
2024-05-01,6100,1,15640.46
2024-05-01,6100,2,133809.49
2024-05-01,6100,5,12576.37
2024-05-01,6200,1,9918.37
2024-05-01,6200,2,10008.03
2024-05-01,6200,3,11077.33
2024-05-01,6200,4,52202.3
2024-05-01,6200,5,8071.63
2024-05-01,6200,6,6056.46
2024-05-01,6200,7,4093.65
2024-05-01,6300,1,10925.18
2024-05-01,6300,2,7921.9
2024-05-01,6300,3,29306.65
2024-05-01,6300,4,16721.82
2024-05-01,6300,5,6273.6
2024-05-01,6300,6,5828.45
2024-05-01,6300,7,5264.78
2024-05-01,6400,1,18778.82
2024-05-01,6400,2,5594.65
2024-05-01,6400,3,3433.35
2024-05-01,6400,4,2122.52
2024-05-01,6400,5,4011.98
2024-05-01,6400,6,972.76
2024-05-01,6400,7,1043.92
2024-05-01,6500,1,2107.02
2024-05-01,6500,2,3730.28
2024-05-01,6500,3,2946.5
2024-05-01,6500,4,4636.18
2024-05-01,6500,6,19816.58
2024-05-01,6500,7,8258.81
2024-05-01,7000,6,59166.28
2024-05-01,7100,6,17810.41
2024-05-01,7200,6,58653.58
2024-06-01,4000,1,999221.06
2024-06-01,4100,1,421965.28
2024-06-01,4200,1,577074.3
2024-06-01,5000,3,485534.69
2024-06-01,5100,3,276295.84
2024-06-01,5200,3,107506.99
2024-06-01,6000,1,125400.14
2024-06-01,6000,2,55704.15
2024-06-01,6000,3,102265.86
2024-06-01,6000,4,133190.99
2024-06-01,6000,5,56543.13
2024-06-01,6000,6,34044.72
2024-06-01,6000,7,37206.27
2024-06-01,6100,1,14771.13
2024-06-01,6100,2,132085.25
2024-06-01,6100,5,11880.07
2024-06-01,6200,1,9261.74
2024-06-01,6200,2,10244.42
2024-06-01,6200,3,11681.28
2024-06-01,6200,4,48970.52
2024-06-01,6200,5,7429.26
2024-06-01,6200,6,5713.09
2024-06-01,6200,7,4435.7
2024-06-01,6300,1,13019.72
2024-06-01,6300,2,8543.26
2024-06-01,6300,3,25969.54
2024-06-01,6300,4,15625.25
2024-06-01,6300,5,5888.98
2024-06-01,6300,6,5802.62
2024-06-01,6300,7,5545.66
2024-06-01,6400,1,19370.74
2024-06-01,6400,2,5118.25
2024-06-01,6400,3,3394.03
2024-06-01,6400,4,2086.48
2024-06-01,6400,5,3974.98
2024-06-01,6400,6,1013.4
2024-06-01,6400,7,989.56
2024-06-01,6500,1,2135.23
2024-06-01,6500,2,3352.56
2024-06-01,6500,3,3063.12
2024-06-01,6500,4,4382.3
2024-06-01,6500,6,21145.81
2024-06-01,6500,7,9322.24
2024-06-01,7000,6,60680.91
2024-06-01,7100,6,18558.14
2024-06-01,7200,6,55478.53
2024-07-01,4000,1,1119745.27
2024-07-01,4100,1,391667.13
2024-07-01,4200,1,572899.61
2024-07-01,5000,3,486372.9
2024-07-01,5100,3,232981.32
2024-07-01,5200,3,104409.8
2024-07-01,6000,1,120788.91
2024-07-01,6000,2,54268.84
2024-07-01,6000,3,106526.38
2024-07-01,6000,4,145008.87
2024-07-01,6000,5,54903.88
2024-07-01,6000,6,32742.79
2024-07-01,6000,7,27844.47
2024-07-01,6100,1,15299.4
2024-07-01,6100,2,137801.11
2024-07-01,6100,5,12708.07
2024-07-01,6200,1,9947.59
2024-07-01,6200,2,9382.76
2024-07-01,6200,3,11881.58
2024-07-01,6200,4,49547.18
2024-07-01,6200,5,7949.46
2024-07-01,6200,6,5963.13
2024-07-01,6200,7,3900.52
2024-07-01,6300,1,11022.27
2024-07-01,6300,2,7402.78
2024-07-01,6300,3,26484.52
2024-07-01,6300,4,16848.13
2024-07-01,6300,5,6428.42
2024-07-01,6300,6,5479.07
2024-07-01,6300,7,5921.78
2024-07-01,6400,1,20587.43
2024-07-01,6400,2,5004.44
2024-07-01,6400,3,3699.51
2024-07-01,6400,4,2195.58
2024-07-01,6400,5,4406.13
2024-07-01,6400,6,1079.08
2024-07-01,6400,7,1018.95
2024-07-01,6500,1,2068.09
2024-07-01,6500,2,3223.94
2024-07-01,6500,3,3025.86
2024-07-01,6500,4,4071.05
2024-07-01,6500,6,20709.08
2024-07-01,6500,7,8576.02
2024-07-01,7000,6,62225.73
2024-07-01,7100,6,18650.36
2024-07-01,7200,6,57901.95
2024-08-01,4000,1,1103110.5
2024-08-01,4100,1,406293.73
2024-08-01,4200,1,597974.12
2024-08-01,5000,3,477434.87
2024-08-01,5100,3,253969.31
2024-08-01,5200,3,103757.36
2024-08-01,6000,1,116612.65
2024-08-01,6000,2,54468.68
2024-08-01,6000,3,118184.02
2024-08-01,6000,4,145308.56
2024-08-01,6000,5,47179.16
2024-08-01,6000,6,32358.91
2024-08-01,6000,7,33870.59
2024-08-01,6100,1,16455.07
2024-08-01,6100,2,130646.04
2024-08-01,6100,5,12891.48
2024-08-01,6200,1,9604.96
2024-08-01,6200,2,10128.92
2024-08-01,6200,3,12847.29
2024-08-01,6200,4,46636.82
2024-08-01,6200,5,8079.43
2024-08-01,6200,6,6378.71
2024-08-01,6200,7,3717.59
2024-08-01,6300,1,12242.97
2024-08-01,6300,2,8092.93
2024-08-01,6300,3,26869.12
2024-08-01,6300,4,15276.96
2024-08-01,6300,5,6349.03
2024-08-01,6300,6,5717.69
2024-08-01,6300,7,5490.42
2024-08-01,6400,1,19606.58
2024-08-01,6400,2,5016.65
2024-08-01,6400,3,3464.36
2024-08-01,6400,4,2195.88
2024-08-01,6400,5,4369.49
2024-08-01,6400,6,1083.36
2024-08-01,6400,7,1158.07
2024-08-01,6500,1,2219.6
2024-08-01,6500,2,3436.0
2024-08-01,6500,3,2966.09
2024-08-01,6500,4,4318.54
2024-08-01,6500,6,23146.81
2024-08-01,6500,7,8581.29
2024-08-01,7000,6,61273.56
2024-08-01,7100,6,18240.16
2024-08-01,7200,6,58841.22
2024-09-01,4000,1,1128617.71
2024-09-01,4100,1,419238.18
2024-09-01,4200,1,657532.2
2024-09-01,5000,3,500170.49
2024-09-01,5100,3,256155.94
2024-09-01,5200,3,108732.44
2024-09-01,6000,1,124750.94
2024-09-01,6000,2,49613.75
2024-09-01,6000,3,106404.42
2024-09-01,6000,4,149095.35
2024-09-01,6000,5,55401.8
2024-09-01,6000,6,25739.55
2024-09-01,6000,7,33030.18
2024-09-01,6100,1,16593.82
2024-09-01,6100,2,142501.55
2024-09-01,6100,5,13822.79
2024-09-01,6200,1,10271.33
2024-09-01,6200,2,10634.35
2024-09-01,6200,3,12023.9
2024-09-01,6200,4,54065.73
2024-09-01,6200,5,8686.15
2024-09-01,6200,6,5979.33
2024-09-01,6200,7,4253.03
2024-09-01,6300,1,11718.67
2024-09-01,6300,2,8390.43
2024-09-01,6300,3,28860.52
2024-09-01,6300,4,16841.12
2024-09-01,6300,5,6790.67
2024-09-01,6300,6,5910.83
2024-09-01,6300,7,5600.23
2024-09-01,6400,1,20884.8
2024-09-01,6400,2,4865.75
2024-09-01,6400,3,3394.18
2024-09-01,6400,4,2415.78
2024-09-01,6400,5,4471.08
2024-09-01,6400,6,1164.06
2024-09-01,6400,7,1147.52
2024-09-01,6500,1,2259.67
2024-09-01,6500,2,3391.64
2024-09-01,6500,3,3085.86
2024-09-01,6500,4,4146.67
2024-09-01,6500,6,21779.67
2024-09-01,6500,7,9146.29
2024-09-01,7000,6,60865.1
2024-09-01,7100,6,18519.53
2024-09-01,7200,6,59777.73
2024-10-01,4000,1,1196635.74
2024-10-01,4100,1,429959.1
2024-10-01,4200,1,646281.97
2024-10-01,5000,3,539160.98
2024-10-01,5100,3,277570.35
2024-10-01,5200,3,116438.36
2024-10-01,6000,1,119139.93
2024-10-01,6000,2,54470.26
2024-10-01,6000,3,114466.54
2024-10-01,6000,4,152250.76
2024-10-01,6000,5,54850.12
2024-10-01,6000,6,34914.19
2024-10-01,6000,7,32003.96
2024-10-01,6100,1,15751.55
2024-10-01,6100,2,136547.56
2024-10-01,6100,5,13008.82
2024-10-01,6200,1,9802.73
2024-10-01,6200,2,10259.02
2024-10-01,6200,3,12174.13
2024-10-01,6200,4,52026.3
2024-10-01,6200,5,7981.85
2024-10-01,6200,6,6068.04
2024-10-01,6200,7,3882.51
2024-10-01,6300,1,11593.69
2024-10-01,6300,2,8012.33
2024-10-01,6300,3,27468.63
2024-10-01,6300,4,16673.55
2024-10-01,6300,5,6508.09
2024-10-01,6300,6,5835.47
2024-10-01,6300,7,5707.54
2024-10-01,6400,1,21150.32
2024-10-01,6400,2,5064.99
2024-10-01,6400,3,3621.47
2024-10-01,6400,4,2246.91
2024-10-01,6400,5,4213.54
2024-10-01,6400,6,1018.89
2024-10-01,6400,7,1108.48
2024-10-01,6500,1,2383.07
2024-10-01,6500,2,3777.56
2024-10-01,6500,3,2915.12
2024-10-01,6500,4,4602.57
2024-10-01,6500,6,21392.51
2024-10-01,6500,7,8622.46
2024-10-01,7000,6,62651.34
2024-10-01,7100,6,17818.76
2024-10-01,7200,6,64392.71
2024-11-01,4000,1,1233097.33
2024-11-01,4100,1,488954.49
2024-11-01,4200,1,646462.42
2024-11-01,5000,3,605020.9
2024-11-01,5100,3,296089.0
2024-11-01,5200,3,115349.11
2024-11-01,6000,1,117596.12
2024-11-01,6000,2,54789.41
2024-11-01,6000,3,107483.14
2024-11-01,6000,4,133118.62
2024-11-01,6000,5,58780.11
2024-11-01,6000,6,34488.59
2024-11-01,6000,7,31412.94
2024-11-01,6100,1,18724.86
2024-11-01,6100,2,131555.09
2024-11-01,6100,5,12103.6
2024-11-01,6200,1,11187.38
2024-11-01,6200,2,10783.04
2024-11-01,6200,3,12280.22
2024-11-01,6200,4,53136.7
2024-11-01,6200,5,8478.79
2024-11-01,6200,6,6003.1
2024-11-01,6200,7,4277.7
2024-11-01,6300,1,12332.98
2024-11-01,6300,2,8324.17
2024-11-01,6300,3,30498.93
2024-11-01,6300,4,16832.36
2024-11-01,6300,5,5999.15
2024-11-01,6300,6,5855.14
2024-11-01,6300,7,5867.18
2024-11-01,6400,1,20655.29
2024-11-01,6400,2,4707.1
2024-11-01,6400,3,3607.38
2024-11-01,6400,4,2164.74
2024-11-01,6400,5,4425.28
2024-11-01,6400,6,1171.28
2024-11-01,6400,7,951.8
2024-11-01,6500,1,2297.17
2024-11-01,6500,2,3365.7
2024-11-01,6500,3,3390.22
2024-11-01,6500,4,4391.49
2024-11-01,6500,6,24113.7
2024-11-01,6500,7,9067.12
2024-11-01,7000,6,60018.3
2024-11-01,7100,6,17773.82
2024-11-01,7200,6,66881.78
2024-12-01,4000,1,1365002.65
2024-12-01,4100,1,518678.45
2024-12-01,4200,1,695836.72
2024-12-01,5000,3,610716.45
2024-12-01,5100,3,263609.71
2024-12-01,5200,3,118840.98
2024-12-01,6000,1,114853.34
2024-12-01,6000,2,57205.01
2024-12-01,6000,3,110747.74
2024-12-01,6000,4,133333.17
2024-12-01,6000,5,54946.94
2024-12-01,6000,6,36133.45
2024-12-01,6000,7,36886.08
2024-12-01,6100,1,16883.74
2024-12-01,6100,2,127404.85
2024-12-01,6100,5,12364.55
2024-12-01,6200,1,9986.02
2024-12-01,6200,2,11448.93
2024-12-01,6200,3,13366.2
2024-12-01,6200,4,52214.85
2024-12-01,6200,5,8337.19
2024-12-01,6200,6,5821.07
2024-12-01,6200,7,4028.54
2024-12-01,6300,1,11813.93
2024-12-01,6300,2,8116.56
2024-12-01,6300,3,27572.61
2024-12-01,6300,4,17786.22
2024-12-01,6300,5,6344.59
2024-12-01,6300,6,6222.29
2024-12-01,6300,7,6281.88
2024-12-01,6400,1,22019.59
2024-12-01,6400,2,5145.94
2024-12-01,6400,3,3569.18
2024-12-01,6400,4,2299.11
2024-12-01,6400,5,4782.61
2024-12-01,6400,6,1115.4
2024-12-01,6400,7,1239.99
2024-12-01,6500,1,2400.45
2024-12-01,6500,2,3623.8
2024-12-01,6500,3,3069.58
2024-12-01,6500,4,4189.42
2024-12-01,6500,6,22505.71
2024-12-01,6500,7,9357.95
2024-12-01,7000,6,60141.79
2024-12-01,7100,6,18841.67
2024-12-01,7200,6,69444.57
2025-01-01,4000,1,1287046.54
2025-01-01,4100,1,494968.27
2025-01-01,4200,1,692858.91
2025-01-01,5000,3,588006.52
2025-01-01,5100,3,314545.45
2025-01-01,5200,3,124882.39
2025-01-01,6000,1,128663.17
2025-01-01,6000,2,59437.66
2025-01-01,6000,3,104505.53
2025-01-01,6000,4,138534.35
2025-01-01,6000,5,58853.07
2025-01-01,6000,6,30470.68
2025-01-01,6000,7,33483.66
2025-01-01,6100,1,16097.62
2025-01-01,6100,2,117582.28
2025-01-01,6100,5,12900.54
2025-01-01,6200,1,9988.01
2025-01-01,6200,2,10276.83
2025-01-01,6200,3,12807.11
2025-01-01,6200,4,55201.13
2025-01-01,6200,5,8892.62
2025-01-01,6200,6,5765.0
2025-01-01,6200,7,4296.84
2025-01-01,6300,1,11686.39
2025-01-01,6300,2,8843.71
2025-01-01,6300,3,30865.25
2025-01-01,6300,4,17582.14
2025-01-01,6300,5,7427.48
2025-01-01,6300,6,6495.9
2025-01-01,6300,7,6205.49
2025-01-01,6400,1,19881.43
2025-01-01,6400,2,5338.77
2025-01-01,6400,3,3825.79
2025-01-01,6400,4,2087.27
2025-01-01,6400,5,5016.76
2025-01-01,6400,6,1036.37
2025-01-01,6400,7,1143.84
2025-01-01,6500,1,2481.96
2025-01-01,6500,2,3395.18
2025-01-01,6500,3,3093.66
2025-01-01,6500,4,4296.82
2025-01-01,6500,6,22757.85
2025-01-01,6500,7,9048.79
2025-01-01,7000,6,62224.89
2025-01-01,7100,6,18985.38
2025-01-01,7200,6,70021.57
2025-02-01,4000,1,1326483.62
2025-02-01,4100,1,509301.92
2025-02-01,4200,1,678589.59
2025-02-01,5000,3,584702.87
2025-02-01,5100,3,296993.57
2025-02-01,5200,3,130334.82
2025-02-01,6000,1,123421.07
2025-02-01,6000,2,59965.88
2025-02-01,6000,3,115121.46
2025-02-01,6000,4,153264.66
2025-02-01,6000,5,60827.3
2025-02-01,6000,6,37005.77
2025-02-01,6000,7,35922.11
2025-02-01,6100,1,17081.52
2025-02-01,6100,2,126153.21
2025-02-01,6100,5,12862.07
2025-02-01,6200,1,10291.12
2025-02-01,6200,2,9635.66
2025-02-01,6200,3,12921.01
2025-02-01,6200,4,54519.13
2025-02-01,6200,5,8599.28
2025-02-01,6200,6,5681.38
2025-02-01,6200,7,4327.86
2025-02-01,6300,1,12034.5
2025-02-01,6300,2,9357.51
2025-02-01,6300,3,28029.02
2025-02-01,6300,4,15919.54
2025-02-01,6300,5,7078.75
2025-02-01,6300,6,5895.84
2025-02-01,6300,7,6337.64
2025-02-01,6400,1,20655.9
2025-02-01,6400,2,5072.0
2025-02-01,6400,3,3485.99
2025-02-01,6400,4,2184.7
2025-02-01,6400,5,4349.52
2025-02-01,6400,6,1142.58
2025-02-01,6400,7,1033.94
2025-02-01,6500,1,2173.08
2025-02-01,6500,2,3413.25
2025-02-01,6500,3,2966.91
2025-02-01,6500,4,4599.0
2025-02-01,6500,6,22991.23
2025-02-01,6500,7,9473.95
2025-02-01,7000,6,59453.84
2025-02-01,7100,6,18353.73
2025-02-01,7200,6,72133.96
2025-03-01,4000,1,1300731.12
2025-03-01,4100,1,489089.36
2025-03-01,4200,1,671955.74
2025-03-01,5000,3,611151.04
2025-03-01,5100,3,291531.3
2025-03-01,5200,3,128916.23
2025-03-01,6000,1,131311.02
2025-03-01,6000,2,62484.91
2025-03-01,6000,3,117493.42
2025-03-01,6000,4,144072.85
2025-03-01,6000,5,59334.61
2025-03-01,6000,6,34385.18
2025-03-01,6000,7,32473.22
2025-03-01,6100,1,16287.02
2025-03-01,6100,2,136423.33
2025-03-01,6100,5,14243.73
2025-03-01,6200,1,11255.04
2025-03-01,6200,2,11162.25
2025-03-01,6200,3,13909.27
2025-03-01,6200,4,55458.85
2025-03-01,6200,5,7985.52
2025-03-01,6200,6,6683.88
2025-03-01,6200,7,3948.18
2025-03-01,6300,1,12239.89
2025-03-01,6300,2,8417.19
2025-03-01,6300,3,31920.5
2025-03-01,6300,4,17265.58
2025-03-01,6300,5,7062.68
2025-03-01,6300,6,6183.18
2025-03-01,6300,7,6420.6
2025-03-01,6400,1,19826.29
2025-03-01,6400,2,5082.11
2025-03-01,6400,3,3919.56
2025-03-01,6400,4,2213.01
2025-03-01,6400,5,4072.11
2025-03-01,6400,6,1263.43
2025-03-01,6400,7,991.25
2025-03-01,6500,1,2287.82
2025-03-01,6500,2,3945.36
2025-03-01,6500,3,3281.14
2025-03-01,6500,4,4253.89
2025-03-01,6500,6,23237.9
2025-03-01,6500,7,8919.98
2025-03-01,7000,6,60407.79
2025-03-01,7100,6,18400.32
2025-03-01,7200,6,70267.77
2025-04-01,4000,1,1220666.44
2025-04-01,4100,1,455308.56
2025-04-01,4200,1,662121.92
2025-04-01,5000,3,600102.85
2025-04-01,5100,3,298832.78
2025-04-01,5200,3,117622.23
2025-04-01,6000,1,131392.2
2025-04-01,6000,2,59945.99
2025-04-01,6000,3,119379.45
2025-04-01,6000,4,145042.28
2025-04-01,6000,5,59579.15
2025-04-01,6000,6,34636.79
2025-04-01,6000,7,34603.54
2025-04-01,6100,1,17246.24
2025-04-01,6100,2,137114.99
2025-04-01,6100,5,13708.22
2025-04-01,6200,1,10863.94
2025-04-01,6200,2,10393.29
2025-04-01,6200,3,12355.1
2025-04-01,6200,4,53107.84
2025-04-01,6200,5,9374.24
2025-04-01,6200,6,6753.19
2025-04-01,6200,7,4397.79
2025-04-01,6300,1,12304.7
2025-04-01,6300,2,9057.08
2025-04-01,6300,3,29215.8
2025-04-01,6300,4,18106.01
2025-04-01,6300,5,6941.44
2025-04-01,6300,6,6227.72
2025-04-01,6300,7,5815.3
2025-04-01,6400,1,22037.75
2025-04-01,6400,2,5476.12
2025-04-01,6400,3,3942.7
2025-04-01,6400,4,2130.51
2025-04-01,6400,5,4289.94
2025-04-01,6400,6,1251.18
2025-04-01,6400,7,1214.91
2025-04-01,6500,1,2359.13
2025-04-01,6500,2,3616.89
2025-04-01,6500,3,3131.16
2025-04-01,6500,4,4375.24
2025-04-01,6500,6,23275.22
2025-04-01,6500,7,9458.65
2025-04-01,7000,6,59226.13
2025-04-01,7100,6,18667.55
2025-04-01,7200,6,65044.98
2025-05-01,4000,1,1225800.32
2025-05-01,4100,1,465564.73
2025-05-01,4200,1,687533.78
2025-05-01,5000,3,581936.73
2025-05-01,5100,3,277914.12
2025-05-01,5200,3,117021.9
2025-05-01,6000,1,135401.05
2025-05-01,6000,2,62795.05
2025-05-01,6000,3,113465.76
2025-05-01,6000,4,161575.61
2025-05-01,6000,5,61927.1
2025-05-01,6000,6,36504.38
2025-05-01,6000,7,33421.4
2025-05-01,6100,1,16130.33
2025-05-01,6100,2,142281.21
2025-05-01,6100,5,14317.47
2025-05-01,6200,1,10232.13
2025-05-01,6200,2,11052.84
2025-05-01,6200,3,11809.93
2025-05-01,6200,4,54633.9
2025-05-01,6200,5,8001.85
2025-05-01,6200,6,6586.76
2025-05-01,6200,7,4454.14
2025-05-01,6300,1,12872.68
2025-05-01,6300,2,9480.18
2025-05-01,6300,3,31307.65
2025-05-01,6300,4,18895.39
2025-05-01,6300,5,6622.36
2025-05-01,6300,6,6058.63
2025-05-01,6300,7,6257.23
2025-05-01,6400,1,21577.48
2025-05-01,6400,2,4721.03
2025-05-01,6400,3,3692.52
2025-05-01,6400,4,2078.5
2025-05-01,6400,5,5121.26
2025-05-01,6400,6,1161.07
2025-05-01,6400,7,1062.31
2025-05-01,6500,1,2290.44
2025-05-01,6500,2,3635.78
2025-05-01,6500,3,3110.06
2025-05-01,6500,4,5038.73
2025-05-01,6500,6,22801.16
2025-05-01,6500,7,9309.96
2025-05-01,7000,6,61944.22
2025-05-01,7100,6,18664.75
2025-05-01,7200,6,69659.29
2025-06-01,4000,1,1188118.11
2025-06-01,4100,1,475403.48
2025-06-01,4200,1,658758.84
2025-06-01,5000,3,571385.75
2025-06-01,5100,3,281135.64
2025-06-01,5200,3,117810.22
2025-06-01,6000,1,129194.15
2025-06-01,6000,2,55629.68
2025-06-01,6000,3,127056.41
2025-06-01,6000,4,159722.34
2025-06-01,6000,5,51874.7
2025-06-01,6000,6,35980.65
2025-06-01,6000,7,34604.76
2025-06-01,6100,1,17139.5
2025-06-01,6100,2,140713.62
2025-06-01,6100,5,13396.87
2025-06-01,6200,1,10871.27
2025-06-01,6200,2,10759.13
2025-06-01,6200,3,12927.96
2025-06-01,6200,4,57221.71
2025-06-01,6200,5,7715.78
2025-06-01,6200,6,6342.13
2025-06-01,6200,7,4561.7
2025-06-01,6300,1,11829.99
2025-06-01,6300,2,8965.34
2025-06-01,6300,3,28178.37
2025-06-01,6300,4,18408.46
2025-06-01,6300,5,6408.09
2025-06-01,6300,6,6093.13
2025-06-01,6300,7,6115.31
2025-06-01,6400,1,21826.05
2025-06-01,6400,2,4916.17
2025-06-01,6400,3,3781.57
2025-06-01,6400,4,2333.3
2025-06-01,6400,5,4573.71
2025-06-01,6400,6,1211.36
2025-06-01,6400,7,1216.73
2025-06-01,6500,1,2474.52
2025-06-01,6500,2,3876.68
2025-06-01,6500,3,3149.38
2025-06-01,6500,4,4744.46
2025-06-01,6500,6,25313.32
2025-06-01,6500,7,9517.94
2025-06-01,7000,6,62862.92
2025-06-01,7100,6,19105.6
2025-06-01,7200,6,65866.32
2025-07-01,4000,1,1206951.86
2025-07-01,4100,1,448851.83
2025-07-01,4200,1,650505.37
2025-07-01,5000,3,554214.28
2025-07-01,5100,3,278991.79
2025-07-01,5200,3,114245.87
2025-07-01,6000,1,136729.95
2025-07-01,6000,2,59290.56
2025-07-01,6000,3,122136.34
2025-07-01,6000,4,151949.27
2025-07-01,6000,5,55458.83
2025-07-01,6000,6,37435.34
2025-07-01,6000,7,35528.15
2025-07-01,6100,1,16738.83
2025-07-01,6100,2,145389.46
2025-07-01,6100,5,14662.66
2025-07-01,6200,1,10937.33
2025-07-01,6200,2,10528.11
2025-07-01,6200,3,14206.23
2025-07-01,6200,4,55204.11
2025-07-01,6200,5,8759.13
2025-07-01,6200,6,6549.8
2025-07-01,6200,7,4181.15
2025-07-01,6300,1,12828.06
2025-07-01,6300,2,8623.56
2025-07-01,6300,3,30806.93
2025-07-01,6300,4,17286.21
2025-07-01,6300,5,7472.61
2025-07-01,6300,6,6275.96
2025-07-01,6300,7,5896.55
2025-07-01,6400,1,20924.35
2025-07-01,6400,2,5058.78
2025-07-01,6400,3,3564.02
2025-07-01,6400,4,2377.69
2025-07-01,6400,5,4836.85
2025-07-01,6400,6,1188.31
2025-07-01,6400,7,1160.84
2025-07-01,6500,1,2579.16
2025-07-01,6500,2,3837.2
2025-07-01,6500,3,3227.87
2025-07-01,6500,4,4429.51
2025-07-01,6500,6,25681.09
2025-07-01,6500,7,9510.64
2025-07-01,7000,6,61190.22
2025-07-01,7100,6,18782.3
2025-07-01,7200,6,64598.52
2025-08-01,4000,1,1247557.88
2025-08-01,4100,1,463446.46
2025-08-01,4200,1,662383.37
2025-08-01,5000,3,558228.43
2025-08-01,5100,3,293319.2
2025-08-01,5200,3,118584.0
2025-08-01,6000,1,134540.46
2025-08-01,6000,2,64758.22
2025-08-01,6000,3,129073.08
2025-08-01,6000,4,155170.67
2025-08-01,6000,5,57558.51
2025-08-01,6000,6,35366.05
2025-08-01,6000,7,34474.52
2025-08-01,6100,1,15317.39
2025-08-01,6100,2,144006.24
2025-08-01,6100,5,13979.72
2025-08-01,6200,1,11463.28
2025-08-01,6200,2,9909.55
2025-08-01,6200,3,13395.59
2025-08-01,6200,4,52549.88
2025-08-01,6200,5,8222.47
2025-08-01,6200,6,6155.17
2025-08-01,6200,7,4398.15
2025-08-01,6300,1,12775.26
2025-08-01,6300,2,9004.21
2025-08-01,6300,3,28623.26
2025-08-01,6300,4,18351.95
2025-08-01,6300,5,7210.06
2025-08-01,6300,6,6808.11
2025-08-01,6300,7,6140.43
2025-08-01,6400,1,23359.22
2025-08-01,6400,2,5416.62
2025-08-01,6400,3,3946.99
2025-08-01,6400,4,2326.7
2025-08-01,6400,5,4552.97
2025-08-01,6400,6,1245.77
2025-08-01,6400,7,1234.63
2025-08-01,6500,1,2427.23
2025-08-01,6500,2,3551.08
2025-08-01,6500,3,3270.34
2025-08-01,6500,4,4690.57
2025-08-01,6500,6,21889.61
2025-08-01,6500,7,10206.37
2025-08-01,7000,6,60559.59
2025-08-01,7100,6,17701.64
2025-08-01,7200,6,67684.06
2025-09-01,4000,1,1370835.97
2025-09-01,4100,1,501562.98
2025-09-01,4200,1,668113.31
2025-09-01,5000,3,587555.81
2025-09-01,5100,3,302564.33
2025-09-01,5200,3,121703.67
2025-09-01,6000,1,124631.48
2025-09-01,6000,2,63520.76
2025-09-01,6000,3,117773.54
2025-09-01,6000,4,152001.21
2025-09-01,6000,5,60694.31
2025-09-01,6000,6,37433.66
2025-09-01,6000,7,36090.94
2025-09-01,6100,1,16850.96
2025-09-01,6100,2,154071.45
2025-09-01,6100,5,13943.22
2025-09-01,6200,1,10791.76
2025-09-01,6200,2,11598.24
2025-09-01,6200,3,12960.87
2025-09-01,6200,4,52341.25
2025-09-01,6200,5,8717.08
2025-09-01,6200,6,6100.17
2025-09-01,6200,7,4814.59
2025-09-01,6300,1,13086.98
2025-09-01,6300,2,9663.2
2025-09-01,6300,3,28592.08
2025-09-01,6300,4,18003.58
2025-09-01,6300,5,7283.53
2025-09-01,6300,6,6210.42
2025-09-01,6300,7,6456.32
2025-09-01,6400,1,22275.83
2025-09-01,6400,2,5748.14
2025-09-01,6400,3,3789.58
2025-09-01,6400,4,2312.76
2025-09-01,6400,5,4844.44
2025-09-01,6400,6,1113.8
2025-09-01,6400,7,1218.64
2025-09-01,6500,1,2500.91
2025-09-01,6500,2,3806.19
2025-09-01,6500,3,3764.12
2025-09-01,6500,4,4763.61
2025-09-01,6500,6,23737.22
2025-09-01,6500,7,10021.32
2025-09-01,7000,6,60890.2
2025-09-01,7100,6,19454.98
2025-09-01,7200,6,65688.95
2025-10-01,4000,1,1340589.58
2025-10-01,4100,1,513728.08
2025-10-01,4200,1,688008.03
2025-10-01,5000,3,629066.74
2025-10-01,5100,3,316067.33
2025-10-01,5200,3,127559.13
2025-10-01,6000,1,127356.74
2025-10-01,6000,2,64572.22
2025-10-01,6000,3,140187.47
2025-10-01,6000,4,141286.18
2025-10-01,6000,5,65587.24
2025-10-01,6000,6,36462.7
2025-10-01,6000,7,36253.17
2025-10-01,6100,1,17234.95
2025-10-01,6100,2,149503.48
2025-10-01,6100,5,14387.91
2025-10-01,6200,1,10696.85
2025-10-01,6200,2,10865.41
2025-10-01,6200,3,13729.98
2025-10-01,6200,4,60735.09
2025-10-01,6200,5,9712.96
2025-10-01,6200,6,7201.91
2025-10-01,6200,7,4219.47
2025-10-01,6300,1,12108.97
2025-10-01,6300,2,9651.35
2025-10-01,6300,3,31952.05
2025-10-01,6300,4,18890.42
2025-10-01,6300,5,7437.93
2025-10-01,6300,6,6486.51
2025-10-01,6300,7,6035.47
2025-10-01,6400,1,22395.75
2025-10-01,6400,2,5559.96
2025-10-01,6400,3,4039.65
2025-10-01,6400,4,2392.76
2025-10-01,6400,5,4523.42
2025-10-01,6400,6,1213.55
2025-10-01,6400,7,1108.03
2025-10-01,6500,1,2200.03
2025-10-01,6500,2,3729.54
2025-10-01,6500,3,3425.44
2025-10-01,6500,4,5157.64
2025-10-01,6500,6,23544.53
2025-10-01,6500,7,10123.74
2025-10-01,7000,6,60304.96
2025-10-01,7100,6,18409.46
2025-10-01,7200,6,72483.13
2025-11-01,4000,1,1406584.91
2025-11-01,4100,1,493321.84
2025-11-01,4200,1,794505.22
2025-11-01,5000,3,720158.2
2025-11-01,5100,3,341478.43
2025-11-01,5200,3,132262.99
2025-11-01,6000,1,128900.15
2025-11-01,6000,2,66357.15
2025-11-01,6000,3,130332.83
2025-11-01,6000,4,170968.29
2025-11-01,6000,5,64599.61
2025-11-01,6000,6,37533.76
2025-11-01,6000,7,38072.69
2025-11-01,6100,1,17123.17
2025-11-01,6100,2,148813.03
2025-11-01,6100,5,13416.74
2025-11-01,6200,1,11284.37
2025-11-01,6200,2,10556.14
2025-11-01,6200,3,13877.03
2025-11-01,6200,4,56133.61
2025-11-01,6200,5,9328.78
2025-11-01,6200,6,6873.85
2025-11-01,6200,7,4566.85
2025-11-01,6300,1,12630.17
2025-11-01,6300,2,9245.05
2025-11-01,6300,3,28815.28
2025-11-01,6300,4,18607.26
2025-11-01,6300,5,7717.79
2025-11-01,6300,6,6763.65
2025-11-01,6300,7,6564.07
2025-11-01,6400,1,22414.59
2025-11-01,6400,2,5880.16
2025-11-01,6400,3,3840.04
2025-11-01,6400,4,2466.4
2025-11-01,6400,5,4551.46
2025-11-01,6400,6,1151.27
2025-11-01,6400,7,1247.08
2025-11-01,6500,1,2512.13
2025-11-01,6500,2,4001.82
2025-11-01,6500,3,3347.11
2025-11-01,6500,4,5140.68
2025-11-01,6500,6,26428.69
2025-11-01,6500,7,9655.33
2025-11-01,7000,6,60741.83
2025-11-01,7100,6,19428.49
2025-11-01,7200,6,74081.52
2025-12-01,4000,1,1411050.52
2025-12-01,4100,1,568834.35
2025-12-01,4200,1,741924.28
2025-12-01,5000,3,674277.49
2025-12-01,5100,3,315427.68
2025-12-01,5200,3,141566.5
2025-12-01,6000,1,128676.89
2025-12-01,6000,2,57986.01
2025-12-01,6000,3,120752.75
2025-12-01,6000,4,166074.99
2025-12-01,6000,5,62852.16
2025-12-01,6000,6,37224.65
2025-12-01,6000,7,35036.32
2025-12-01,6100,1,16522.03
2025-12-01,6100,2,148732.76
2025-12-01,6100,5,13724.77
2025-12-01,6200,1,11409.79
2025-12-01,6200,2,10929.78
2025-12-01,6200,3,12479.44
2025-12-01,6200,4,57208.41
2025-12-01,6200,5,9629.13
2025-12-01,6200,6,6863.46
2025-12-01,6200,7,4458.45
2025-12-01,6300,1,12677.86
2025-12-01,6300,2,9606.42
2025-12-01,6300,3,31503.04
2025-12-01,6300,4,18966.11
2025-12-01,6300,5,7433.51
2025-12-01,6300,6,6632.3
2025-12-01,6300,7,6283.33
2025-12-01,6400,1,22653.66
2025-12-01,6400,2,5536.45
2025-12-01,6400,3,3941.93
2025-12-01,6400,4,2478.95
2025-12-01,6400,5,5049.73
2025-12-01,6400,6,1272.43
2025-12-01,6400,7,1175.19
2025-12-01,6500,1,2285.42
2025-12-01,6500,2,3899.92
2025-12-01,6500,3,3563.38
2025-12-01,6500,4,4799.23
2025-12-01,6500,6,27658.75
2025-12-01,6500,7,9702.67
2025-12-01,7000,6,62181.13
2025-12-01,7100,6,18795.03
2025-12-01,7200,6,78589.0
2026-01-01,4000,1,1400028.53
2026-01-01,4100,1,559848.68
2026-01-01,4200,1,828224.33
2026-01-01,5000,3,695043.39
2026-01-01,5100,3,338640.12
2026-01-01,5200,3,142529.57
2026-01-01,6000,1,137874.97
2026-01-01,6000,2,60192.96
2026-01-01,6000,3,118856.95
2026-01-01,6000,4,163445.46
2026-01-01,6000,5,70606.56
2026-01-01,6000,6,35144.44
2026-01-01,6000,7,37934.34
2026-01-01,6100,1,19570.87
2026-01-01,6100,2,175093.48
2026-01-01,6100,5,16801.64
2026-01-01,6200,1,11904.44
2026-01-01,6200,2,12440.04
2026-01-01,6200,3,14390.3
2026-01-01,6200,4,54697.66
2026-01-01,6200,5,9199.09
2026-01-01,6200,6,6518.95
2026-01-01,6200,7,4520.47
2026-01-01,6300,1,12780.97
2026-01-01,6300,2,9294.88
2026-01-01,6300,3,30478.69
2026-01-01,6300,4,19008.52
2026-01-01,6300,5,7129.57
2026-01-01,6300,6,6024.41
2026-01-01,6300,7,6701.39
2026-01-01,6400,1,23293.17
2026-01-01,6400,2,5966.45
2026-01-01,6400,3,3848.82
2026-01-01,6400,4,2536.07
2026-01-01,6400,5,5067.82
2026-01-01,6400,6,1242.5
2026-01-01,6400,7,1172.9
2026-01-01,6500,1,2714.14
2026-01-01,6500,2,3790.38
2026-01-01,6500,3,3504.36
2026-01-01,6500,4,4872.69
2026-01-01,6500,6,24628.77
2026-01-01,6500,7,10183.75
2026-01-01,7000,6,60936.41
2026-01-01,7100,6,18358.52
2026-01-01,7200,6,79496.36
2026-02-01,4000,1,1531477.57
2026-02-01,4100,1,573836.08
2026-02-01,4200,1,767647.13
2026-02-01,5000,3,661824.57
2026-02-01,5100,3,336581.18
2026-02-01,5200,3,139614.55
2026-02-01,6000,1,147388.73
2026-02-01,6000,2,58831.01
2026-02-01,6000,3,120887.19
2026-02-01,6000,4,168881.94
2026-02-01,6000,5,60516.64
2026-02-01,6000,6,35604.91
2026-02-01,6000,7,38741.8
2026-02-01,6100,1,20082.49
2026-02-01,6100,2,168586.18
2026-02-01,6100,5,15024.23
2026-02-01,6200,1,11531.49
2026-02-01,6200,2,11053.31
2026-02-01,6200,3,14145.62
2026-02-01,6200,4,58114.19
2026-02-01,6200,5,8845.3
2026-02-01,6200,6,6458.09
2026-02-01,6200,7,4587.52
2026-02-01,6300,1,13415.91
2026-02-01,6300,2,8729.39
2026-02-01,6300,3,32791.33
2026-02-01,6300,4,18302.51
2026-02-01,6300,5,7675.43
2026-02-01,6300,6,6753.32
2026-02-01,6300,7,7216.81
2026-02-01,6400,1,22914.88
2026-02-01,6400,2,5911.64
2026-02-01,6400,3,3700.35
2026-02-01,6400,4,2520.96
2026-02-01,6400,5,4943.48
2026-02-01,6400,6,1259.96
2026-02-01,6400,7,1307.66
2026-02-01,6500,1,2567.27
2026-02-01,6500,2,4075.65
2026-02-01,6500,3,3369.69
2026-02-01,6500,4,5241.79
2026-02-01,6500,6,24728.79
2026-02-01,6500,7,10668.29
2026-02-01,7000,6,60573.41
2026-02-01,7100,6,17537.4
2026-02-01,7200,6,77946.92
2026-03-01,4000,1,1549230.27
2026-03-01,4100,1,549559.57
2026-03-01,4200,1,845007.27
2026-03-01,5000,3,682670.23
2026-03-01,5100,3,317547.91
2026-03-01,5200,3,144906.8
2026-03-01,6000,1,132169.9
2026-03-01,6000,2,65408.73
2026-03-01,6000,3,117425.6
2026-03-01,6000,4,156844.71
2026-03-01,6000,5,61344.89
2026-03-01,6000,6,41319.39
2026-03-01,6000,7,38295.18
2026-03-01,6100,1,21578.24
2026-03-01,6100,2,161534.57
2026-03-01,6100,5,15180.82
2026-03-01,6200,1,11534.17
2026-03-01,6200,2,11026.81
2026-03-01,6200,3,13575.99
2026-03-01,6200,4,62975.27
2026-03-01,6200,5,9433.17
2026-03-01,6200,6,7448.57
2026-03-01,6200,7,4300.56
2026-03-01,6300,1,12102.23
2026-03-01,6300,2,8987.27
2026-03-01,6300,3,31425.37
2026-03-01,6300,4,19511.4
2026-03-01,6300,5,7651.56
2026-03-01,6300,6,6302.34
2026-03-01,6300,7,6161.17
2026-03-01,6400,1,22251.15
2026-03-01,6400,2,5535.63
2026-03-01,6400,3,4291.49
2026-03-01,6400,4,2255.95
2026-03-01,6400,5,5110.19
2026-03-01,6400,6,1210.26
2026-03-01,6400,7,1284.3
2026-03-01,6500,1,2459.53
2026-03-01,6500,2,3893.95
2026-03-01,6500,3,3817.39
2026-03-01,6500,4,4975.4
2026-03-01,6500,6,25027.91
2026-03-01,6500,7,10140.05
2026-03-01,7000,6,59673.36
2026-03-01,7100,6,18507.39
2026-03-01,7200,6,76892.25
2026-04-01,4000,1,1320154.56
2026-04-01,4100,1,531032.38
2026-04-01,4200,1,759619.89
2026-04-01,5000,3,649414.1
2026-04-01,5100,3,315747.06
2026-04-01,5200,3,137258.1
2026-04-01,6000,1,135888.24
2026-04-01,6000,2,59072.92
2026-04-01,6000,3,122335.53
2026-04-01,6000,4,167935.62
2026-04-01,6000,5,60968.3
2026-04-01,6000,6,36891.22
2026-04-01,6000,7,35134.06
2026-04-01,6100,1,19729.02
2026-04-01,6100,2,158144.06
2026-04-01,6100,5,16502.54
2026-04-01,6200,1,11010.64
2026-04-01,6200,2,11083.63
2026-04-01,6200,3,13665.52
2026-04-01,6200,4,56264.27
2026-04-01,6200,5,9441.83
2026-04-01,6200,6,6599.56
2026-04-01,6200,7,4851.96
2026-04-01,6300,1,14622.74
2026-04-01,6300,2,9020.0
2026-04-01,6300,3,31417.97
2026-04-01,6300,4,18768.32
2026-04-01,6300,5,7545.09
2026-04-01,6300,6,6507.48
2026-04-01,6300,7,6509.65
2026-04-01,6400,1,22762.88
2026-04-01,6400,2,5342.76
2026-04-01,6400,3,3931.0
2026-04-01,6400,4,2490.39
2026-04-01,6400,5,4914.39
2026-04-01,6400,6,1151.36
2026-04-01,6400,7,1308.03
2026-04-01,6500,1,2615.73
2026-04-01,6500,2,3901.0
2026-04-01,6500,3,3888.15
2026-04-01,6500,4,5024.38
2026-04-01,6500,6,23829.7
2026-04-01,6500,7,10745.78
2026-04-01,7000,6,61343.75
2026-04-01,7100,6,18241.96
2026-04-01,7200,6,75738.24
2026-05-01,4000,1,1377701.88
2026-05-01,4100,1,507082.45
2026-05-01,4200,1,680179.5
2026-05-01,5000,3,624538.9
2026-05-01,5100,3,349874.51
2026-05-01,5200,3,137657.17
2026-05-01,6000,1,143776.85
2026-05-01,6000,2,66127.22
2026-05-01,6000,3,124968.89
2026-05-01,6000,4,143732.58
2026-05-01,6000,5,65793.74
2026-05-01,6000,6,40221.9
2026-05-01,6000,7,41290.46
2026-05-01,6100,1,21211.23
2026-05-01,6100,2,173962.57
2026-05-01,6100,5,17348.55
2026-05-01,6200,1,11727.92
2026-05-01,6200,2,11014.93
2026-05-01,6200,3,14663.07
2026-05-01,6200,4,58448.79
2026-05-01,6200,5,9795.09
2026-05-01,6200,6,6400.09
2026-05-01,6200,7,5030.34
2026-05-01,6300,1,13065.08
2026-05-01,6300,2,8872.89
2026-05-01,6300,3,32922.04
2026-05-01,6300,4,19538.78
2026-05-01,6300,5,6841.07
2026-05-01,6300,6,6973.14
2026-05-01,6300,7,6879.69
2026-05-01,6400,1,24553.34
2026-05-01,6400,2,5334.97
2026-05-01,6400,3,4317.15
2026-05-01,6400,4,2389.3
2026-05-01,6400,5,4928.85
2026-05-01,6400,6,1155.84
2026-05-01,6400,7,1168.47
2026-05-01,6500,1,2567.8
2026-05-01,6500,2,4187.02
2026-05-01,6500,3,3700.11
2026-05-01,6500,4,5274.67
2026-05-01,6500,6,25021.65
2026-05-01,6500,7,9630.19
2026-05-01,7000,6,59531.45
2026-05-01,7100,6,18008.27
2026-05-01,7200,6,72153.69
2026-06-01,4000,1,1282149.92
2026-06-01,4100,1,504967.17
2026-06-01,4200,1,694711.96
2026-06-01,5000,3,585869.72
2026-06-01,5100,3,310810.45
2026-06-01,5200,3,148167.17
2026-06-01,6000,1,145295.92
2026-06-01,6000,2,58146.23
2026-06-01,6000,3,123943.27
2026-06-01,6000,4,179032.92
2026-06-01,6000,5,68190.03
2026-06-01,6000,6,39996.22
2026-06-01,6000,7,34920.04
2026-06-01,6100,1,22254.96
2026-06-01,6100,2,191874.94
2026-06-01,6100,5,17083.94
2026-06-01,6200,1,12854.68
2026-06-01,6200,2,12681.97
2026-06-01,6200,3,14064.91
2026-06-01,6200,4,64258.89
2026-06-01,6200,5,9838.38
2026-06-01,6200,6,6917.83
2026-06-01,6200,7,4732.67
2026-06-01,6300,1,11468.72
2026-06-01,6300,2,9223.2
2026-06-01,6300,3,28689.77
2026-06-01,6300,4,19507.91
2026-06-01,6300,5,7806.36
2026-06-01,6300,6,6021.35
2026-06-01,6300,7,6935.66
2026-06-01,6400,1,22214.87
2026-06-01,6400,2,5813.89
2026-06-01,6400,3,3786.3
2026-06-01,6400,4,2577.56
2026-06-01,6400,5,5482.63
2026-06-01,6400,6,1194.45
2026-06-01,6400,7,1260.03
2026-06-01,6500,1,2701.18
2026-06-01,6500,2,4144.21
2026-06-01,6500,3,3555.01
2026-06-01,6500,4,5440.18
2026-06-01,6500,6,27183.06
2026-06-01,6500,7,10795.12
2026-06-01,7000,6,61279.15
2026-06-01,7100,6,18809.89
2026-06-01,7200,6,73772.64
2026-07-01,4000,1,1369615.37
2026-07-01,4100,1,526926.04
2026-07-01,4200,1,718079.77
2026-07-01,5000,3,658364.47
2026-07-01,5100,3,300930.22
2026-07-01,5200,3,145679.97
2026-07-01,6000,1,135779.34
2026-07-01,6000,2,70263.96
2026-07-01,6000,3,113354.8
2026-07-01,6000,4,158437.36
2026-07-01,6000,5,64600.06
2026-07-01,6000,6,37816.27
2026-07-01,6000,7,40156.46
2026-07-01,6100,1,22113.03
2026-07-01,6100,2,167437.97
2026-07-01,6100,5,16332.05
2026-07-01,6200,1,11502.92
2026-07-01,6200,2,11981.2
2026-07-01,6200,3,13864.03
2026-07-01,6200,4,60014.89
2026-07-01,6200,5,9448.8
2026-07-01,6200,6,7290.71
2026-07-01,6200,7,4675.54
2026-07-01,6300,1,13587.93
2026-07-01,6300,2,9594.78
2026-07-01,6300,3,34127.14
2026-07-01,6300,4,18651.53
2026-07-01,6300,5,7461.68
2026-07-01,6300,6,6395.12
2026-07-01,6300,7,6761.42
2026-07-01,6400,1,22080.37
2026-07-01,6400,2,5904.84
2026-07-01,6400,3,4361.0
2026-07-01,6400,4,2539.6
2026-07-01,6400,5,5101.52
2026-07-01,6400,6,1300.09
2026-07-01,6400,7,1166.06
2026-07-01,6500,1,2708.77
2026-07-01,6500,2,4132.96
2026-07-01,6500,3,3843.52
2026-07-01,6500,4,5346.93
2026-07-01,6500,6,25076.42
2026-07-01,6500,7,10062.68
2026-07-01,7000,6,60968.45
2026-07-01,7100,6,18722.8
2026-07-01,7200,6,74730.75
2026-08-01,4000,1,1465559.56
2026-08-01,4100,1,531225.53
2026-08-01,4200,1,779066.88
2026-08-01,5000,3,602317.71
2026-08-01,5100,3,332640.2
2026-08-01,5200,3,139922.27
2026-08-01,6000,1,143679.88
2026-08-01,6000,2,64869.88
2026-08-01,6000,3,140788.83
2026-08-01,6000,4,176613.93
2026-08-01,6000,5,71389.82
2026-08-01,6000,6,39809.41
2026-08-01,6000,7,42958.42
2026-08-01,6100,1,23223.07
2026-08-01,6100,2,189367.61
2026-08-01,6100,5,18542.19
2026-08-01,6200,1,12493.18
2026-08-01,6200,2,11156.37
2026-08-01,6200,3,14331.24
2026-08-01,6200,4,62205.91
2026-08-01,6200,5,9135.67
2026-08-01,6200,6,6520.08
2026-08-01,6200,7,4753.58
2026-08-01,6300,1,13285.13
2026-08-01,6300,2,10192.47
2026-08-01,6300,3,33909.65
2026-08-01,6300,4,21232.84
2026-08-01,6300,5,7878.55
2026-08-01,6300,6,6454.66
2026-08-01,6300,7,6704.38
2026-08-01,6400,1,24082.15
2026-08-01,6400,2,5827.52
2026-08-01,6400,3,4063.99
2026-08-01,6400,4,2597.37
2026-08-01,6400,5,4831.61
2026-08-01,6400,6,1166.74
2026-08-01,6400,7,1262.53
2026-08-01,6500,1,2650.03
2026-08-01,6500,2,4375.33
2026-08-01,6500,3,3433.37
2026-08-01,6500,4,5227.44
2026-08-01,6500,6,23312.88
2026-08-01,6500,7,10909.7
2026-08-01,7000,6,60680.11
2026-08-01,7100,6,18840.39
2026-08-01,7200,6,72974.44
2026-09-01,4000,1,1377646.7
2026-09-01,4100,1,540104.58
2026-09-01,4200,1,800557.01
2026-09-01,5000,3,645003.22
2026-09-01,5100,3,301938.96
2026-09-01,5200,3,165370.23
2026-09-01,6000,1,153777.08
2026-09-01,6000,2,66177.56
2026-09-01,6000,3,133572.0
2026-09-01,6000,4,165193.88
2026-09-01,6000,5,69067.13
2026-09-01,6000,6,38632.04
2026-09-01,6000,7,39843.04
2026-09-01,6100,1,21667.43
2026-09-01,6100,2,181583.24
2026-09-01,6100,5,19013.64
2026-09-01,6200,1,12555.31
2026-09-01,6200,2,11467.07
2026-09-01,6200,3,13826.31
2026-09-01,6200,4,59954.95
2026-09-01,6200,5,9672.45
2026-09-01,6200,6,7646.69
2026-09-01,6200,7,4529.0
2026-09-01,6300,1,14365.12
2026-09-01,6300,2,9345.47
2026-09-01,6300,3,31895.79
2026-09-01,6300,4,17700.44
2026-09-01,6300,5,8300.51
2026-09-01,6300,6,6952.43
2026-09-01,6300,7,6644.72
2026-09-01,6400,1,24894.69
2026-09-01,6400,2,6636.87
2026-09-01,6400,3,4561.67
2026-09-01,6400,4,2457.31
2026-09-01,6400,5,5413.71
2026-09-01,6400,6,1279.49
2026-09-01,6400,7,1230.47
2026-09-01,6500,1,2596.1
2026-09-01,6500,2,4422.51
2026-09-01,6500,3,3932.38
2026-09-01,6500,4,5314.21
2026-09-01,6500,6,24851.94
2026-09-01,6500,7,11100.26
2026-09-01,7000,6,59349.41
2026-09-01,7100,6,18248.37
2026-09-01,7200,6,77142.55
