Month,WarehouseKey,ProductCategory,PalletsOnHand,PalletsShipped,InventoryValue,ReorderPoint
2024-01-01,1,Electronics,426,802,132115.11,366
2024-02-01,1,Electronics,420,636,130404.59,366
2024-03-01,1,Electronics,501,612,155441.61,366
2024-04-01,1,Electronics,692,474,214544.12,366
2024-05-01,1,Electronics,831,483,257656.14,366
2024-06-01,1,Electronics,780,508,241876.75,366
2024-07-01,1,Electronics,740,517,229511.79,366
2024-08-01,1,Electronics,822,434,254871.19,366
2024-09-01,1,Electronics,721,753,223558.49,366
2024-10-01,1,Electronics,637,705,197692.98,366
2024-11-01,1,Electronics,597,802,185368.36,366
2024-12-01,1,Electronics,557,716,172708.87,366
2025-01-01,1,Electronics,540,768,167549.29,366
2025-02-01,1,Electronics,411,570,127703.89,366
2025-03-01,1,Electronics,375,569,116504.2,366
2025-04-01,1,Electronics,411,606,127511.97,366
2025-05-01,1,Electronics,556,503,172372.31,366
2025-06-01,1,Electronics,706,427,218919.61,366
2025-07-01,1,Electronics,786,516,243848.66,366
2025-08-01,1,Electronics,869,401,269634.0,366
2025-09-01,1,Electronics,977,535,302993.33,366
2025-10-01,1,Electronics,913,666,283251.99,366
2025-11-01,1,Electronics,612,778,189970.47,366
2025-12-01,1,Electronics,371,725,115050.0,366
2026-01-01,1,Electronics,171,689,53125.34,366
2026-02-01,1,Electronics,233,572,72472.76,366
2026-03-01,1,Electronics,166,699,51605.26,366
2026-04-01,1,Electronics,175,501,54407.5,366
2026-05-01,1,Electronics,310,524,96177.09,366
2026-06-01,1,Electronics,395,541,122649.81,366
2026-07-01,1,Electronics,457,507,141794.96,366
2026-08-01,1,Electronics,604,542,187281.16,366
2026-09-01,1,Electronics,666,566,206712.48,366
2024-01-01,1,Home Goods,436,435,37083.66,259
2024-02-01,1,Home Goods,593,386,50429.15,259
2024-03-01,1,Home Goods,587,479,49906.2,259
2024-04-01,1,Home Goods,702,376,59730.18,259
2024-05-01,1,Home Goods,659,390,56068.31,259
2024-06-01,1,Home Goods,723,352,61467.64,259
2024-07-01,1,Home Goods,858,255,72964.12,259
2024-08-01,1,Home Goods,921,366,78315.2,259
2024-09-01,1,Home Goods,950,450,80765.06,259
2024-10-01,1,Home Goods,940,474,79972.02,259
2024-11-01,1,Home Goods,728,555,61897.57,259
2024-12-01,1,Home Goods,690,503,58662.36,259
2025-01-01,1,Home Goods,448,496,38092.89,259
2025-02-01,1,Home Goods,384,461,32697.24,259
2025-03-01,1,Home Goods,503,356,42814.8,259
2025-04-01,1,Home Goods,555,421,47215.85,259
2025-05-01,1,Home Goods,586,353,49831.52,259
2025-06-01,1,Home Goods,579,327,49225.52,259
2025-07-01,1,Home Goods,725,369,61631.85,259
2025-08-01,1,Home Goods,626,371,53294.66,259
2025-09-01,1,Home Goods,483,449,41062.75,259
2025-10-01,1,Home Goods,541,478,46042.03,259
2025-11-01,1,Home Goods,670,457,57013.83,259
2025-12-01,1,Home Goods,559,535,47520.84,259
2026-01-01,1,Home Goods,487,474,41477.46,259
2026-02-01,1,Home Goods,357,518,30369.64,259
2026-03-01,1,Home Goods,361,424,30726.66,259
2026-04-01,1,Home Goods,414,360,35217.12,259
2026-05-01,1,Home Goods,464,378,39480.83,259
2026-06-01,1,Home Goods,553,248,47073.95,259
2026-07-01,1,Home Goods,591,330,50319.56,259
2026-08-01,1,Home Goods,480,388,40881.22,259
2026-09-01,1,Home Goods,544,462,46252.53,259
2024-01-01,1,Apparel,40,951,1600.0,374
2024-02-01,1,Apparel,40,840,1600.0,374
2024-03-01,1,Apparel,135,590,5401.09,374
2024-04-01,1,Apparel,259,503,10394.63,374
2024-05-01,1,Apparel,470,468,18838.04,374
2024-06-01,1,Apparel,530,479,21236.37,374
2024-07-01,1,Apparel,545,484,21835.81,374
2024-08-01,1,Apparel,400,674,16031.54,374
2024-09-01,1,Apparel,262,652,10511.58,374
2024-10-01,1,Apparel,126,892,5052.02,374
2024-11-01,1,Apparel,40,752,1600.0,374
2024-12-01,1,Apparel,40,797,1600.0,374
2025-01-01,1,Apparel,40,962,1600.0,374
2025-02-01,1,Apparel,67,693,2694.2,374
2025-03-01,1,Apparel,77,565,3096.54,374
2025-04-01,1,Apparel,40,581,1600.0,374
2025-05-01,1,Apparel,311,518,12475.35,374
2025-06-01,1,Apparel,348,505,13958.36,374
2025-07-01,1,Apparel,423,530,16943.78,374
2025-08-01,1,Apparel,446,594,17868.41,374
2025-09-01,1,Apparel,507,647,20296.61,374
2025-10-01,1,Apparel,440,730,17634.82,374
2025-11-01,1,Apparel,40,916,1600.0,374
2025-12-01,1,Apparel,148,554,5929.23,374
2026-01-01,1,Apparel,210,658,8436.37,374
2026-02-01,1,Apparel,151,795,6065.27,374
2026-03-01,1,Apparel,165,684,6628.57,374
2026-04-01,1,Apparel,241,494,9657.89,374
2026-05-01,1,Apparel,318,457,12728.23,374
2026-06-01,1,Apparel,506,433,20274.57,374
2026-07-01,1,Apparel,409,650,16394.94,374
2026-08-01,1,Apparel,658,543,26359.17,374
2026-09-01,1,Apparel,706,656,28268.64,374
2024-01-01,1,Industrial Parts,420,538,79802.0,329
2024-02-01,1,Industrial Parts,120,705,22823.29,329
2024-03-01,1,Industrial Parts,171,509,32518.25,329
2024-04-01,1,Industrial Parts,129,515,24660.75,329
2024-05-01,1,Industrial Parts,86,438,16355.4,329
2024-06-01,1,Industrial Parts,68,437,13054.47,329
2024-07-01,1,Industrial Parts,179,489,34079.97,329
2024-08-01,1,Industrial Parts,157,605,29843.26,329
2024-09-01,1,Industrial Parts,123,594,23553.44,329
2024-10-01,1,Industrial Parts,73,607,14056.99,329
2024-11-01,1,Industrial Parts,40,717,7600.0,329
2024-12-01,1,Industrial Parts,40,653,7600.0,329
2025-01-01,1,Industrial Parts,40,751,7600.0,329
2025-02-01,1,Industrial Parts,40,583,7600.0,329
2025-03-01,1,Industrial Parts,64,482,12200.0,329
2025-04-01,1,Industrial Parts,411,483,78113.58,329
2025-05-01,1,Industrial Parts,401,507,76253.41,329
2025-06-01,1,Industrial Parts,395,435,75053.47,329
2025-07-01,1,Industrial Parts,654,366,124413.65,329
2025-08-01,1,Industrial Parts,770,420,146356.87,329
2025-09-01,1,Industrial Parts,944,484,179508.21,329
2025-10-01,1,Industrial Parts,760,759,144521.66,329
2025-11-01,1,Industrial Parts,634,614,120487.63,329
2025-12-01,1,Industrial Parts,475,761,90380.55,329
2026-01-01,1,Industrial Parts,415,691,79032.24,329
2026-02-01,1,Industrial Parts,472,680,89726.26,329
2026-03-01,1,Industrial Parts,509,623,96850.44,329
2026-04-01,1,Industrial Parts,635,406,120653.7,329
2026-05-01,1,Industrial Parts,666,414,126628.66,329
2026-06-01,1,Industrial Parts,918,395,174498.85,329
2026-07-01,1,Industrial Parts,849,455,161410.83,329
2026-08-01,1,Industrial Parts,923,510,175375.74,329
2026-09-01,1,Industrial Parts,763,572,144970.35,329
2024-01-01,1,Consumables,205,678,4520.61,257
2024-02-01,1,Consumables,40,485,880.0,257
2024-03-01,1,Consumables,99,306,2183.83,257
2024-04-01,1,Consumables,245,293,5404.61,257
2024-05-01,1,Consumables,215,336,4730.96,257
2024-06-01,1,Consumables,224,395,4928.78,257
2024-07-01,1,Consumables,271,380,5974.83,257
2024-08-01,1,Consumables,249,378,5479.97,257
2024-09-01,1,Consumables,211,442,4644.72,257
2024-10-01,1,Consumables,124,469,2731.02,257
2024-11-01,1,Consumables,40,573,880.0,257
2024-12-01,1,Consumables,40,521,880.0,257
2025-01-01,1,Consumables,119,437,2633.36,257
2025-02-01,1,Consumables,91,469,2009.83,257
2025-03-01,1,Consumables,40,433,880.0,257
2025-04-01,1,Consumables,40,325,880.0,257
2025-05-01,1,Consumables,166,330,3659.51,257
2025-06-01,1,Consumables,399,299,8790.81,257
2025-07-01,1,Consumables,509,286,11209.47,257
2025-08-01,1,Consumables,555,424,12213.18,257
2025-09-01,1,Consumables,510,452,11234.43,257
2025-10-01,1,Consumables,665,523,14640.58,257
2025-11-01,1,Consumables,510,486,11234.54,257
2025-12-01,1,Consumables,205,604,4513.57,257
2026-01-01,1,Consumables,187,529,4120.96,257
2026-02-01,1,Consumables,336,388,7399.52,257
2026-03-01,1,Consumables,217,461,4795.49,257
2026-04-01,1,Consumables,150,348,3310.07,257
2026-05-01,1,Consumables,280,327,6173.09,257
2026-06-01,1,Consumables,489,306,10776.14,257
2026-07-01,1,Consumables,566,347,12459.34,257
2026-08-01,1,Consumables,687,371,15120.55,257
2026-09-01,1,Consumables,737,488,16221.34,257
2024-01-01,2,Electronics,414,912,128636.88,412
2024-02-01,2,Electronics,384,728,119157.57,412
2024-03-01,2,Electronics,438,692,135970.39,412
2024-04-01,2,Electronics,537,646,166615.09,412
2024-05-01,2,Electronics,661,515,205182.69,412
2024-06-01,2,Electronics,977,430,302945.6,412
2024-07-01,2,Electronics,1087,601,337117.33,412
2024-08-01,2,Electronics,1272,610,394436.13,412
2024-09-01,2,Electronics,1338,646,414904.23,412
2024-10-01,2,Electronics,1198,821,371427.07,412
2024-11-01,2,Electronics,1247,866,386857.11,412
2024-12-01,2,Electronics,914,917,283634.81,412
2025-01-01,2,Electronics,674,886,209213.56,412
2025-02-01,2,Electronics,491,760,152452.38,412
2025-03-01,2,Electronics,610,651,189143.02,412
2025-04-01,2,Electronics,425,760,131973.83,412
2025-05-01,2,Electronics,753,466,233432.1,412
2025-06-01,2,Electronics,1040,463,322548.87,412
2025-07-01,2,Electronics,1181,532,366336.27,412
2025-08-01,2,Electronics,1574,459,488081.23,412
2025-09-01,2,Electronics,1507,630,467170.9,412
2025-10-01,2,Electronics,1395,947,432539.89,412
2025-11-01,2,Electronics,1202,833,372887.1,412
2025-12-01,2,Electronics,884,857,274040.94,412
2026-01-01,2,Electronics,515,893,159859.39,412
2026-02-01,2,Electronics,586,609,181792.86,412
2026-03-01,2,Electronics,509,693,158078.02,412
2026-04-01,2,Electronics,696,663,215883.35,412
2026-05-01,2,Electronics,580,564,180099.33,412
2026-06-01,2,Electronics,822,516,254864.84,412
2026-07-01,2,Electronics,1057,500,327846.38,412
2026-08-01,2,Electronics,1083,647,335778.06,412
2026-09-01,2,Electronics,1164,690,361070.35,412
2024-01-01,2,Home Goods,591,882,50265.54,403
2024-02-01,2,Home Goods,479,709,40756.71,403
2024-03-01,2,Home Goods,485,710,41294.83,403
2024-04-01,2,Home Goods,611,619,51976.24,403
2024-05-01,2,Home Goods,643,515,54712.27,403
2024-06-01,2,Home Goods,729,521,62007.18,403
2024-07-01,2,Home Goods,834,600,70950.44,403
2024-08-01,2,Home Goods,1142,475,97120.41,403
2024-09-01,2,Home Goods,920,769,78217.95,403
2024-10-01,2,Home Goods,995,683,84629.44,403
2024-11-01,2,Home Goods,1155,561,98205.87,403
2024-12-01,2,Home Goods,1110,772,94394.09,403
2025-01-01,2,Home Goods,891,941,75817.36,403
2025-02-01,2,Home Goods,627,879,53311.84,403
2025-03-01,2,Home Goods,434,765,36925.27,403
2025-04-01,2,Home Goods,410,654,34912.71,403
2025-05-01,2,Home Goods,677,462,57583.89,403
2025-06-01,2,Home Goods,853,519,72509.77,403
2025-07-01,2,Home Goods,1110,448,94374.49,403
2025-08-01,2,Home Goods,1174,576,99855.36,403
2025-09-01,2,Home Goods,1012,865,86034.57,403
2025-10-01,2,Home Goods,726,943,61743.16,403
2025-11-01,2,Home Goods,460,938,39150.94,403
2025-12-01,2,Home Goods,320,905,27237.52,403
2026-01-01,2,Home Goods,276,720,23493.45,403
2026-02-01,2,Home Goods,286,809,24354.77,403
2026-03-01,2,Home Goods,40,776,3400.0,403
2026-04-01,2,Home Goods,67,594,5752.92,403
2026-05-01,2,Home Goods,158,549,13440.48,403
2026-06-01,2,Home Goods,143,581,12190.98,403
2026-07-01,2,Home Goods,194,509,16539.81,403
2026-08-01,2,Home Goods,398,532,33873.84,403
2026-09-01,2,Home Goods,328,655,27930.26,403
2024-01-01,2,Apparel,319,675,12792.99,327
2024-02-01,2,Apparel,198,462,7941.65,327
2024-03-01,2,Apparel,244,534,9763.37,327
2024-04-01,2,Apparel,258,455,10339.34,327
2024-05-01,2,Apparel,462,408,18499.54,327
2024-06-01,2,Apparel,625,384,25015.5,327
2024-07-01,2,Apparel,906,405,36272.27,327
2024-08-01,2,Apparel,1113,465,44547.07,327
2024-09-01,2,Apparel,886,668,35461.38,327
2024-10-01,2,Apparel,857,633,34284.96,327
2024-11-01,2,Apparel,532,854,21305.58,327
2024-12-01,2,Apparel,415,590,16619.12,327
2025-01-01,2,Apparel,352,654,14084.12,327
2025-02-01,2,Apparel,279,613,11171.29,327
2025-03-01,2,Apparel,471,508,18852.05,327
2025-04-01,2,Apparel,291,577,11644.26,327
2025-05-01,2,Apparel,488,490,19530.14,327
2025-06-01,2,Apparel,545,473,21804.91,327
2025-07-01,2,Apparel,618,495,24745.36,327
2025-08-01,2,Apparel,592,570,23704.29,327
2025-09-01,2,Apparel,629,451,25194.06,327
2025-10-01,2,Apparel,753,482,30121.7,327
2025-11-01,2,Apparel,447,762,17915.34,327
2025-12-01,2,Apparel,339,726,13589.57,327
2026-01-01,2,Apparel,103,698,4159.61,327
2026-02-01,2,Apparel,169,564,6775.72,327
2026-03-01,2,Apparel,239,511,9561.23,327
2026-04-01,2,Apparel,388,451,15528.64,327
2026-05-01,2,Apparel,418,385,16751.47,327
2026-06-01,2,Apparel,611,377,24477.99,327
2026-07-01,2,Apparel,654,408,26178.17,327
2026-08-01,2,Apparel,793,486,31754.57,327
2026-09-01,2,Apparel,752,588,30103.75,327
2024-01-01,2,Industrial Parts,222,639,42246.28,298
2024-02-01,2,Industrial Parts,154,494,29385.45,298
2024-03-01,2,Industrial Parts,80,535,15338.99,298
2024-04-01,2,Industrial Parts,64,452,12225.81,298
2024-05-01,2,Industrial Parts,289,272,55047.53,298
2024-06-01,2,Industrial Parts,497,335,94512.41,298
2024-07-01,2,Industrial Parts,675,443,128439.5,298
2024-08-01,2,Industrial Parts,848,406,161158.29,298
2024-09-01,2,Industrial Parts,931,446,177048.01,298
2024-10-01,2,Industrial Parts,862,446,163904.12,298
2024-11-01,2,Industrial Parts,781,612,148410.09,298
2024-12-01,2,Industrial Parts,803,578,152687.49,298
2025-01-01,2,Industrial Parts,623,621,118465.29,298
2025-02-01,2,Industrial Parts,625,524,118933.62,298
2025-03-01,2,Industrial Parts,639,428,121564.17,298
2025-04-01,2,Industrial Parts,770,426,146362.66,298
2025-05-01,2,Industrial Parts,860,353,163553.78,298
2025-06-01,2,Industrial Parts,980,443,186206.9,298
2025-07-01,2,Industrial Parts,962,430,182863.93,298
2025-08-01,2,Industrial Parts,1092,453,207482.44,298
2025-09-01,2,Industrial Parts,1162,441,220828.47,298
2025-10-01,2,Industrial Parts,1097,739,208527.6,298
2025-11-01,2,Industrial Parts,1129,507,214539.51,298
2025-12-01,2,Industrial Parts,1018,687,193563.55,298
2026-01-01,2,Industrial Parts,934,662,177573.11,298
2026-02-01,2,Industrial Parts,863,448,164047.04,298
2026-03-01,2,Industrial Parts,949,421,180457.27,298
2026-04-01,2,Industrial Parts,857,432,162950.17,298
2026-05-01,2,Industrial Parts,858,449,163030.87,298
2026-06-01,2,Industrial Parts,1013,377,192576.78,298
2026-07-01,2,Industrial Parts,1281,307,243579.96,298
2026-08-01,2,Industrial Parts,1298,455,246789.24,298
2026-09-01,2,Industrial Parts,1291,509,245422.06,298
2024-01-01,2,Consumables,167,894,3676.18,459
2024-02-01,2,Consumables,40,959,880.0,459
2024-03-01,2,Consumables,89,665,1972.51,459
2024-04-01,2,Consumables,134,744,2959.58,459
2024-05-01,2,Consumables,88,829,1953.47,459
2024-06-01,2,Consumables,476,600,10481.19,459
2024-07-01,2,Consumables,756,486,16641.17,459
2024-08-01,2,Consumables,854,662,18805.86,459
2024-09-01,2,Consumables,831,842,18284.39,459
2024-10-01,2,Consumables,907,746,19966.49,459
2024-11-01,2,Consumables,670,839,14757.98,459
2024-12-01,2,Consumables,406,997,8937.4,459
2025-01-01,2,Consumables,627,697,13795.76,459
2025-02-01,2,Consumables,560,962,12339.82,459
2025-03-01,2,Consumables,479,892,10541.41,459
2025-04-01,2,Consumables,907,480,19970.27,459
2025-05-01,2,Consumables,1286,429,28301.96,459
2025-06-01,2,Consumables,1222,720,26886.58,459
2025-07-01,2,Consumables,1584,522,34851.03,459
2025-08-01,2,Consumables,1558,762,34287.73,459
2025-09-01,2,Consumables,1655,793,36431.27,459
2025-10-01,2,Consumables,1551,895,34128.06,459
2025-11-01,2,Consumables,1347,876,29652.46,459
2025-12-01,2,Consumables,1216,868,26757.9,459
2026-01-01,2,Consumables,959,817,21117.69,459
2026-02-01,2,Consumables,878,865,19332.38,459
2026-03-01,2,Consumables,778,831,17124.65,459
2026-04-01,2,Consumables,863,661,19005.8,459
2026-05-01,2,Consumables,765,638,16830.04,459
2026-06-01,2,Consumables,1031,477,22702.0,459
2026-07-01,2,Consumables,1098,725,24158.34,459
2026-08-01,2,Consumables,1093,754,24062.46,459
2026-09-01,2,Consumables,973,636,21427.23,459
2024-01-01,3,Electronics,664,686,205936.77,415
2024-02-01,3,Electronics,438,972,135871.67,415
2024-03-01,3,Electronics,652,634,202134.97,415
2024-04-01,3,Electronics,655,620,203118.73,415
2024-05-01,3,Electronics,724,540,224610.37,415
2024-06-01,3,Electronics,1115,433,345678.76,415
2024-07-01,3,Electronics,1418,467,439697.5,415
2024-08-01,3,Electronics,1690,556,524144.75,415
2024-09-01,3,Electronics,1701,683,527322.6,415
2024-10-01,3,Electronics,1530,794,474449.03,415
2024-11-01,3,Electronics,1421,774,440661.25,415
2024-12-01,3,Electronics,1078,855,334357.75,415
2025-01-01,3,Electronics,830,841,257329.83,415
2025-02-01,3,Electronics,1044,598,323687.09,415
2025-03-01,3,Electronics,1298,613,402587.19,415
2025-04-01,3,Electronics,1427,540,442524.13,415
2025-05-01,3,Electronics,1549,583,480293.11,415
2025-06-01,3,Electronics,1737,500,538658.61,415
2025-07-01,3,Electronics,1943,437,602545.47,415
2025-08-01,3,Electronics,2156,501,668600.82,415
2025-09-01,3,Electronics,2193,592,679926.8,415
2025-10-01,3,Electronics,2201,635,682416.76,415
2025-11-01,3,Electronics,2167,847,671989.09,415
2025-12-01,3,Electronics,2002,750,620811.88,415
2026-01-01,3,Electronics,1692,832,524786.54,415
2026-02-01,3,Electronics,1479,926,458716.22,415
2026-03-01,3,Electronics,1482,711,459546.48,415
2026-04-01,3,Electronics,1315,631,407716.56,415
2026-05-01,3,Electronics,1535,485,475865.95,415
2026-06-01,3,Electronics,1404,502,435309.18,415
2026-07-01,3,Electronics,1583,461,490922.99,415
2026-08-01,3,Electronics,1509,774,467816.66,415
2026-09-01,3,Electronics,1541,651,477762.61,415
2024-01-01,3,Home Goods,202,575,17189.85,296
2024-02-01,3,Home Goods,79,548,6716.32,296
2024-03-01,3,Home Goods,40,489,3400.0,296
2024-04-01,3,Home Goods,51,453,4387.05,296
2024-05-01,3,Home Goods,169,407,14437.92,296
2024-06-01,3,Home Goods,366,359,31185.29,296
2024-07-01,3,Home Goods,406,384,34541.15,296
2024-08-01,3,Home Goods,478,490,40680.1,296
2024-09-01,3,Home Goods,412,523,35069.61,296
2024-10-01,3,Home Goods,277,582,23596.89,296
2024-11-01,3,Home Goods,303,560,25804.79,296
2024-12-01,3,Home Goods,156,718,13262.56,296
2025-01-01,3,Home Goods,40,694,3400.0,296
2025-02-01,3,Home Goods,124,479,10592.37,296
2025-03-01,3,Home Goods,107,460,9178.1,296
2025-04-01,3,Home Goods,210,404,17922.32,296
2025-05-01,3,Home Goods,346,371,29446.14,296
2025-06-01,3,Home Goods,462,306,39279.94,296
2025-07-01,3,Home Goods,650,390,55256.78,296
2025-08-01,3,Home Goods,667,513,56701.28,296
2025-09-01,3,Home Goods,675,562,57437.72,296
2025-10-01,3,Home Goods,683,555,58103.43,296
2025-11-01,3,Home Goods,553,582,47066.65,296
2025-12-01,3,Home Goods,445,578,37871.19,296
2026-01-01,3,Home Goods,283,692,24094.49,296
2026-02-01,3,Home Goods,170,679,14474.47,296
2026-03-01,3,Home Goods,40,588,3400.0,296
2026-04-01,3,Home Goods,40,453,3400.0,296
2026-05-01,3,Home Goods,40,516,3400.0,296
2026-06-01,3,Home Goods,193,420,16424.68,296
2026-07-01,3,Home Goods,255,381,21730.23,296
2026-08-01,3,Home Goods,435,297,37021.6,296
2026-09-01,3,Home Goods,525,407,44647.29,296
2024-01-01,3,Apparel,830,662,33216.94,397
2024-02-01,3,Apparel,632,795,25286.4,397
2024-03-01,3,Apparel,701,627,28057.91,397
2024-04-01,3,Apparel,822,527,32898.74,397
2024-05-01,3,Apparel,1010,477,40414.23,397
2024-06-01,3,Apparel,1351,331,54056.89,397
2024-07-01,3,Apparel,1380,545,55237.34,397
2024-08-01,3,Apparel,1407,555,56315.26,397
2024-09-01,3,Apparel,1439,600,57599.84,397
2024-10-01,3,Apparel,1099,843,43980.13,397
2024-11-01,3,Apparel,1055,602,42202.27,397
2024-12-01,3,Apparel,1063,750,42520.19,397
2025-01-01,3,Apparel,892,954,35703.66,397
2025-02-01,3,Apparel,812,646,32508.85,397
2025-03-01,3,Apparel,912,605,36518.21,397
2025-04-01,3,Apparel,998,588,39947.41,397
2025-05-01,3,Apparel,1163,522,46527.18,397
2025-06-01,3,Apparel,1362,458,54506.09,397
2025-07-01,3,Apparel,1395,571,55802.07,397
2025-08-01,3,Apparel,1527,549,61095.58,397
2025-09-01,3,Apparel,1544,665,61794.98,397
2025-10-01,3,Apparel,1356,789,54245.81,397
2025-11-01,3,Apparel,1286,735,51452.59,397
2025-12-01,3,Apparel,1084,827,43396.91,397
2026-01-01,3,Apparel,754,983,30181.68,397
2026-02-01,3,Apparel,684,687,27378.71,397
2026-03-01,3,Apparel,653,645,26142.24,397
2026-04-01,3,Apparel,835,450,33425.08,397
2026-05-01,3,Apparel,1094,387,43776.95,397
2026-06-01,3,Apparel,1223,593,48935.58,397
2026-07-01,3,Apparel,1493,465,59747.65,397
2026-08-01,3,Apparel,1463,676,58525.76,397
2026-09-01,3,Apparel,1301,679,52073.89,397
2024-01-01,3,Industrial Parts,433,454,82397.11,264
2024-02-01,3,Industrial Parts,496,471,94350.93,264
2024-03-01,3,Industrial Parts,390,464,74208.07,264
2024-04-01,3,Industrial Parts,486,422,92371.0,264
2024-05-01,3,Industrial Parts,787,286,149530.12,264
2024-06-01,3,Industrial Parts,831,348,158023.55,264
2024-07-01,3,Industrial Parts,1085,330,206210.67,264
2024-08-01,3,Industrial Parts,1048,387,199137.44,264
2024-09-01,3,Industrial Parts,1020,509,193924.25,264
2024-10-01,3,Industrial Parts,1169,426,222203.76,264
2024-11-01,3,Industrial Parts,981,557,186496.44,264
2024-12-01,3,Industrial Parts,662,595,125895.14,264
2025-01-01,3,Industrial Parts,898,390,170639.55,264
2025-02-01,3,Industrial Parts,927,520,176220.06,264
2025-03-01,3,Industrial Parts,901,408,171206.55,264
2025-04-01,3,Industrial Parts,1037,372,197092.03,264
2025-05-01,3,Industrial Parts,1203,370,228607.38,264
2025-06-01,3,Industrial Parts,1424,358,270747.67,264
2025-07-01,3,Industrial Parts,1615,377,306879.67,264
2025-08-01,3,Industrial Parts,1734,360,329524.78,264
2025-09-01,3,Industrial Parts,1720,438,326964.87,264
2025-10-01,3,Industrial Parts,1702,621,323461.23,264
2025-11-01,3,Industrial Parts,1544,565,293387.46,264
2025-12-01,3,Industrial Parts,1453,567,276148.53,264
2026-01-01,3,Industrial Parts,1325,551,251820.09,264
2026-02-01,3,Industrial Parts,1150,550,218689.77,264
2026-03-01,3,Industrial Parts,1354,407,257389.91,264
2026-04-01,3,Industrial Parts,1436,303,272986.6,264
2026-05-01,3,Industrial Parts,1591,377,302363.35,264
2026-06-01,3,Industrial Parts,1586,378,301345.79,264
2026-07-01,3,Industrial Parts,1564,307,297281.59,264
2026-08-01,3,Industrial Parts,1815,387,345024.01,264
2026-09-01,3,Industrial Parts,1748,460,332204.38,264
2024-01-01,3,Consumables,418,673,9215.19,312
2024-02-01,3,Consumables,527,460,11615.18,312
2024-03-01,3,Consumables,533,559,11738.96,312
2024-04-01,3,Consumables,837,352,18422.68,312
2024-05-01,3,Consumables,811,366,17856.49,312
2024-06-01,3,Consumables,775,418,17056.04,312
2024-07-01,3,Consumables,1071,375,23571.17,312
2024-08-01,3,Consumables,1196,439,26326.19,312
2024-09-01,3,Consumables,1150,486,25310.72,312
2024-10-01,3,Consumables,1442,507,31745.4,312
2024-11-01,3,Consumables,1258,689,27679.7,312
2024-12-01,3,Consumables,1260,527,27727.99,312
2025-01-01,3,Consumables,1220,682,26846.69,312
2025-02-01,3,Consumables,1160,584,25537.95,312
2025-03-01,3,Consumables,1147,484,25239.15,312
2025-04-01,3,Consumables,1203,523,26481.3,312
2025-05-01,3,Consumables,1161,390,25548.94,312
2025-06-01,3,Consumables,1485,397,32681.15,312
2025-07-01,3,Consumables,1403,391,30871.69,312
2025-08-01,3,Consumables,1242,510,27332.53,312
2025-09-01,3,Consumables,1170,606,25744.15,312
2025-10-01,3,Consumables,1147,467,25253.78,312
2025-11-01,3,Consumables,1055,541,23213.66,312
2025-12-01,3,Consumables,941,611,20723.69,312
2026-01-01,3,Consumables,900,642,19820.32,312
2026-02-01,3,Consumables,705,703,15522.14,312
2026-03-01,3,Consumables,525,533,11569.86,312
2026-04-01,3,Consumables,577,488,12700.25,312
2026-05-01,3,Consumables,740,357,16300.14,312
2026-06-01,3,Consumables,757,427,16673.05,312
2026-07-01,3,Consumables,907,367,19975.99,312
2026-08-01,3,Consumables,1132,433,24910.84,312
2026-09-01,3,Consumables,1169,406,25735.03,312
2024-01-01,4,Electronics,497,673,154087.5,395
2024-02-01,4,Electronics,461,759,143035.14,395
2024-03-01,4,Electronics,457,595,141963.18,395
2024-04-01,4,Electronics,758,512,235252.51,395
2024-05-01,4,Electronics,809,541,250846.83,395
2024-06-01,4,Electronics,1112,438,344822.46,395
2024-07-01,4,Electronics,1239,474,384112.88,395
2024-08-01,4,Electronics,1411,550,437699.96,395
2024-09-01,4,Electronics,1328,640,411795.42,395
2024-10-01,4,Electronics,1266,702,392548.5,395
2024-11-01,4,Electronics,1060,847,328851.3,395
2024-12-01,4,Electronics,789,802,244897.57,395
2025-01-01,4,Electronics,597,860,185117.24,395
2025-02-01,4,Electronics,412,893,127833.61,395
2025-03-01,4,Electronics,361,857,112113.56,395
2025-04-01,4,Electronics,612,470,189857.34,395
2025-05-01,4,Electronics,866,494,268484.65,395
2025-06-01,4,Electronics,927,486,287514.42,395
2025-07-01,4,Electronics,1132,470,351109.1,395
2025-08-01,4,Electronics,1270,552,393706.1,395
2025-09-01,4,Electronics,1292,630,400590.91,395
2025-10-01,4,Electronics,962,900,298495.77,395
2025-11-01,4,Electronics,915,692,283800.28,395
2025-12-01,4,Electronics,820,796,254381.43,395
2026-01-01,4,Electronics,808,782,250722.74,395
2026-02-01,4,Electronics,500,909,155164.61,395
2026-03-01,4,Electronics,394,706,122369.78,395
2026-04-01,4,Electronics,513,616,159266.06,395
2026-05-01,4,Electronics,696,494,215822.27,395
2026-06-01,4,Electronics,1050,504,325687.09,395
2026-07-01,4,Electronics,1283,526,397825.54,395
2026-08-01,4,Electronics,1324,565,410700.3,395
2026-09-01,4,Electronics,1191,749,369232.82,395
2024-01-01,4,Home Goods,683,641,58137.81,314
2024-02-01,4,Home Goods,533,620,45371.02,314
2024-03-01,4,Home Goods,697,453,59327.83,314
2024-04-01,4,Home Goods,829,472,70484.11,314
2024-05-01,4,Home Goods,1026,388,87253.04,314
2024-06-01,4,Home Goods,1276,390,108514.86,314
2024-07-01,4,Home Goods,1312,315,111588.92,314
2024-08-01,4,Home Goods,1369,495,116398.39,314
2024-09-01,4,Home Goods,1456,471,123803.64,314
2024-10-01,4,Home Goods,1347,616,114552.28,314
2024-11-01,4,Home Goods,1236,601,105100.05,314
2024-12-01,4,Home Goods,1014,674,86192.72,314
2025-01-01,4,Home Goods,882,675,75043.05,314
2025-02-01,4,Home Goods,778,615,66175.13,314
2025-03-01,4,Home Goods,816,515,69433.39,314
2025-04-01,4,Home Goods,1005,428,85484.57,314
2025-05-01,4,Home Goods,1078,411,91707.95,314
2025-06-01,4,Home Goods,1106,424,94032.57,314
2025-07-01,4,Home Goods,1233,434,104863.29,314
2025-08-01,4,Home Goods,1304,417,110853.54,314
2025-09-01,4,Home Goods,1190,555,101222.36,314
2025-10-01,4,Home Goods,966,639,82110.04,314
2025-11-01,4,Home Goods,918,629,78047.42,314
2025-12-01,4,Home Goods,722,558,61431.57,314
2026-01-01,4,Home Goods,671,686,57041.33,314
2026-02-01,4,Home Goods,788,567,66987.1,314
2026-03-01,4,Home Goods,792,476,67327.81,314
2026-04-01,4,Home Goods,843,438,71681.11,314
2026-05-01,4,Home Goods,771,401,65595.68,314
2026-06-01,4,Home Goods,960,429,81608.46,314
2026-07-01,4,Home Goods,974,481,82803.73,314
2026-08-01,4,Home Goods,892,559,75874.6,314
2026-09-01,4,Home Goods,996,552,84684.6,314
2024-01-01,4,Apparel,40,1050,1600.0,466
2024-02-01,4,Apparel,40,819,1600.0,466
2024-03-01,4,Apparel,100,676,4035.39,466
2024-04-01,4,Apparel,40,776,1600.0,466
2024-05-01,4,Apparel,241,664,9678.61,466
2024-06-01,4,Apparel,375,660,15009.15,466
2024-07-01,4,Apparel,563,580,22530.54,466
2024-08-01,4,Apparel,751,652,30053.86,466
2024-09-01,4,Apparel,783,742,31334.14,466
2024-10-01,4,Apparel,506,1021,20253.54,466
2024-11-01,4,Apparel,381,967,15245.4,466
2024-12-01,4,Apparel,142,1064,5693.14,466
2025-01-01,4,Apparel,40,1091,1600.0,466
2025-02-01,4,Apparel,40,901,1600.0,466
2025-03-01,4,Apparel,45,712,1839.18,466
2025-04-01,4,Apparel,149,705,5965.2,466
2025-05-01,4,Apparel,383,591,15351.55,466
2025-06-01,4,Apparel,614,632,24561.48,466
2025-07-01,4,Apparel,766,611,30640.8,466
2025-08-01,4,Apparel,842,724,33706.59,466
2025-09-01,4,Apparel,972,805,38917.24,466
2025-10-01,4,Apparel,1041,768,41668.86,466
2025-11-01,4,Apparel,817,983,32704.16,466
2025-12-01,4,Apparel,540,963,21615.07,466
2026-01-01,4,Apparel,336,985,13465.75,466
2026-02-01,4,Apparel,195,942,7803.07,466
2026-03-01,4,Apparel,280,680,11210.86,466
2026-04-01,4,Apparel,326,749,13059.92,466
2026-05-01,4,Apparel,607,566,24285.56,466
2026-06-01,4,Apparel,686,675,27475.56,466
2026-07-01,4,Apparel,717,666,28708.71,466
2026-08-01,4,Apparel,870,731,34819.65,466
2026-09-01,4,Apparel,732,810,29289.96,466
2024-01-01,4,Industrial Parts,414,919,78781.83,415
2024-02-01,4,Industrial Parts,372,793,70702.05,415
2024-03-01,4,Industrial Parts,492,612,93627.57,415
2024-04-01,4,Industrial Parts,643,698,122273.39,415
2024-05-01,4,Industrial Parts,602,655,114466.46,415
2024-06-01,4,Industrial Parts,747,520,141988.64,415
2024-07-01,4,Industrial Parts,773,651,146946.45,415
2024-08-01,4,Industrial Parts,781,563,148503.58,415
2024-09-01,4,Industrial Parts,800,584,152108.91,415
2024-10-01,4,Industrial Parts,380,849,72388.1,415
2024-11-01,4,Industrial Parts,165,932,31468.36,415
2024-12-01,4,Industrial Parts,40,875,7600.0,415
2025-01-01,4,Industrial Parts,146,788,27792.54,415
2025-02-01,4,Industrial Parts,40,788,7600.0,415
2025-03-01,4,Industrial Parts,226,689,43039.98,415
2025-04-01,4,Industrial Parts,448,554,85305.19,415
2025-05-01,4,Industrial Parts,477,562,90785.78,415
2025-06-01,4,Industrial Parts,672,543,127766.24,415
2025-07-01,4,Industrial Parts,713,581,135596.41,415
2025-08-01,4,Industrial Parts,897,594,170450.53,415
2025-09-01,4,Industrial Parts,865,688,164427.53,415
2025-10-01,4,Industrial Parts,736,762,139880.83,415
2025-11-01,4,Industrial Parts,651,842,123799.75,415
2025-12-01,4,Industrial Parts,580,776,110258.31,415
2026-01-01,4,Industrial Parts,607,723,115518.62,415
2026-02-01,4,Industrial Parts,426,874,80991.14,415
2026-03-01,4,Industrial Parts,349,608,66315.43,415
2026-04-01,4,Industrial Parts,193,749,36681.79,415
2026-05-01,4,Industrial Parts,308,533,58668.13,415
2026-06-01,4,Industrial Parts,597,521,113531.96,415
2026-07-01,4,Industrial Parts,645,617,122598.06,415
2026-08-01,4,Industrial Parts,698,579,132717.06,415
2026-09-01,4,Industrial Parts,477,736,90792.26,415
2024-01-01,4,Consumables,466,768,10253.49,346
2024-02-01,4,Consumables,457,628,10068.69,346
2024-03-01,4,Consumables,257,725,5675.97,346
2024-04-01,4,Consumables,334,420,7360.1,346
2024-05-01,4,Consumables,271,437,5969.87,346
2024-06-01,4,Consumables,302,510,6653.88,346
2024-07-01,4,Consumables,445,417,9791.87,346
2024-08-01,4,Consumables,503,554,11086.49,346
2024-09-01,4,Consumables,501,624,11043.39,346
2024-10-01,4,Consumables,286,675,6304.38,346
2024-11-01,4,Consumables,40,771,880.0,346
2024-12-01,4,Consumables,40,671,880.0,346
2025-01-01,4,Consumables,40,812,880.0,346
2025-02-01,4,Consumables,42,650,938.98,346
2025-03-01,4,Consumables,150,476,3313.45,346
2025-04-01,4,Consumables,237,454,5230.71,346
2025-05-01,4,Consumables,478,526,10522.13,346
2025-06-01,4,Consumables,421,426,9274.42,346
2025-07-01,4,Consumables,588,337,12938.97,346
2025-08-01,4,Consumables,512,490,11266.58,346
2025-09-01,4,Consumables,404,600,8888.85,346
2025-10-01,4,Consumables,409,654,9000.84,346
2025-11-01,4,Consumables,337,627,7434.24,346
2025-12-01,4,Consumables,247,727,5442.23,346
2026-01-01,4,Consumables,47,740,1036.09,346
2026-02-01,4,Consumables,40,753,880.0,346
2026-03-01,4,Consumables,168,465,3709.38,346
2026-04-01,4,Consumables,233,512,5141.92,346
2026-05-01,4,Consumables,249,433,5496.94,346
2026-06-01,4,Consumables,269,476,5938.88,346
2026-07-01,4,Consumables,510,430,11228.23,346
2026-08-01,4,Consumables,509,530,11204.97,346
2026-09-01,4,Consumables,569,496,12532.12,346
