PropertyKey,Property,PropertyType,City,State,Units,YearBuilt,AcquiredDate,PropertyManager,CurrentValue,PurchasePrice,Longitude,Latitude,MapX,MapY,Photo,PhotoLarge
1,Union Lofts,Multifamily,Seattle,WA,101,1995,2018-05-26,Samir Dalal,40890000.0,25070000.0,-122.3299,47.6074,4.53,90.8,https://images.unsplash.com/photo-1515263487990-61b07816b324?w=160&h=110&fit=crop&q=70,https://images.unsplash.com/photo-1515263487990-61b07816b324?w=1040&h=760&fit=crop&q=75
2,Beacon Commons,Multifamily,Raleigh,NC,67,1992,2020-10-29,Victor Chen,13700000.0,9080000.0,-78.6071,35.8508,78.63,45.58,https://images.unsplash.com/photo-1545324418-cc1a3fa10c00?w=160&h=110&fit=crop&q=70,https://images.unsplash.com/photo-1545324418-cc1a3fa10c00?w=1040&h=760&fit=crop&q=75
3,Beacon Lofts,Multifamily,Raleigh,NC,77,2020,2023-05-30,Victor Chen,11800000.0,7700000.0,-78.6702,35.7333,78.53,45.13,https://images.unsplash.com/photo-1624204386084-dd8c05e32226?w=160&h=110&fit=crop&q=70,https://images.unsplash.com/photo-1624204386084-dd8c05e32226?w=1040&h=760&fit=crop&q=75
4,Orchard Logistics Center,Industrial,Phoenix,AZ,4,1985,2016-06-11,Samir Dalal,1440000.0,1190000.0,-112.168,33.4411,21.75,36.31,https://images.unsplash.com/photo-1758789667762-56175fe4601c?w=160&h=110&fit=crop&q=70,https://images.unsplash.com/photo-1758789667762-56175fe4601c?w=1040&h=760&fit=crop&q=75
5,Maple Exchange,Office,Denver,CO,17,1991,2017-04-28,Victor Chen,1320000.0,880000.0,-105.04,39.7488,33.83,60.57,https://images.unsplash.com/photo-1574958269340-fa927503f3dd?w=160&h=110&fit=crop&q=70,https://images.unsplash.com/photo-1574958269340-fa927503f3dd?w=1040&h=760&fit=crop&q=75
6,River Plaza,Office,Phoenix,AZ,28,2007,2023-04-12,Samir Dalal,2160000.0,1850000.0,-112.1791,33.4551,21.73,36.37,https://images.unsplash.com/photo-1576731753569-3e93a228048c?w=160&h=110&fit=crop&q=70,https://images.unsplash.com/photo-1576731753569-3e93a228048c?w=1040&h=760&fit=crop&q=75
7,Highline Shops,Retail,Denver,CO,16,2009,2020-12-23,Victor Chen,680000.0,550000.0,-104.9834,39.642,33.93,60.16,https://images.unsplash.com/photo-1684014450587-3c7f09c53e74?w=160&h=110&fit=crop&q=70,https://images.unsplash.com/photo-1684014450587-3c7f09c53e74?w=1040&h=760&fit=crop&q=75
8,Beacon Tower,Office,Seattle,WA,23,2013,2022-11-18,Victor Chen,2370000.0,1590000.0,-122.1826,47.6161,4.78,90.83,https://images.unsplash.com/photo-1470075801209-17f9ec0cada6?w=160&h=110&fit=crop&q=70,https://images.unsplash.com/photo-1470075801209-17f9ec0cada6?w=1040&h=760&fit=crop&q=75
9,Cedar Exchange,Office,Raleigh,NC,6,1986,2017-02-18,Elise Morgan,480000.0,300000.0,-78.6941,35.8887,78.48,45.73,https://images.unsplash.com/photo-1549757521-4160565ff3de?w=160&h=110&fit=crop&q=70,https://images.unsplash.com/photo-1549757521-4160565ff3de?w=1040&h=760&fit=crop&q=75
10,Mill Lofts,Multifamily,Austin,TX,37,1997,2023-09-29,Victor Chen,10300000.0,8650000.0,-97.8083,30.1462,46.09,23.64,https://images.unsplash.com/photo-1579632652768-6cb9dcf85912?w=160&h=110&fit=crop&q=70,https://images.unsplash.com/photo-1579632652768-6cb9dcf85912?w=1040&h=760&fit=crop&q=75
11,Grand Square,Retail,Seattle,WA,16,2005,2022-10-26,Samir Dalal,1010000.0,740000.0,-122.2761,47.6788,4.62,91.07,https://images.unsplash.com/photo-1734004723482-b601578026b9?w=160&h=110&fit=crop&q=70,https://images.unsplash.com/photo-1734004723482-b601578026b9?w=1040&h=760&fit=crop&q=75
12,Summit Commons,Multifamily,Nashville,TN,77,2016,2017-08-11,Renee Abbott,18730000.0,12530000.0,-86.7407,36.1695,64.85,46.81,https://images.unsplash.com/photo-1516501312919-d0cb0b7b60b8?w=160&h=110&fit=crop&q=70,https://images.unsplash.com/photo-1516501312919-d0cb0b7b60b8?w=1040&h=760&fit=crop&q=75
13,Lakeview Exchange,Office,Raleigh,NC,14,1992,2018-01-29,Joanna Pike,1010000.0,900000.0,-78.6284,35.7287,78.6,45.11,https://images.unsplash.com/photo-1621831337128-35676ca30868?w=160&h=110&fit=crop&q=70,https://images.unsplash.com/photo-1621831337128-35676ca30868?w=1040&h=760&fit=crop&q=75
14,Maple Commons,Multifamily,Denver,CO,48,2018,2022-11-02,Elise Morgan,10760000.0,8180000.0,-105.0924,39.9,33.74,61.15,https://images.unsplash.com/photo-1619994121345-b61cd610c5a6?w=160&h=110&fit=crop&q=70,https://images.unsplash.com/photo-1619994121345-b61cd610c5a6?w=1040&h=760&fit=crop&q=75
15,Grand Flats,Multifamily,Phoenix,AZ,45,2019,2019-07-02,Victor Chen,9410000.0,6130000.0,-112.0732,33.511,21.91,36.58,https://images.unsplash.com/photo-1638973140785-3b918e290682?w=160&h=110&fit=crop&q=70,https://images.unsplash.com/photo-1638973140785-3b918e290682?w=1040&h=760&fit=crop&q=75
16,Park Exchange,Office,Raleigh,NC,18,2002,2016-09-19,Elise Morgan,1370000.0,870000.0,-78.5635,35.6841,78.71,44.94,https://images.unsplash.com/photo-1597220141661-df3e77364fee?w=160&h=110&fit=crop&q=70,https://images.unsplash.com/photo-1597220141661-df3e77364fee?w=1040&h=760&fit=crop&q=75
17,Orchard Exchange,Office,Denver,CO,14,2007,2020-02-20,Joanna Pike,1170000.0,980000.0,-105.1379,39.746,33.66,60.56,https://images.unsplash.com/photo-1593054538306-3e61b738a10c?w=160&h=110&fit=crop&q=70,https://images.unsplash.com/photo-1593054538306-3e61b738a10c?w=1040&h=760&fit=crop&q=75
18,Union Shops,Retail,Denver,CO,17,1986,2018-12-19,Victor Chen,1100000.0,860000.0,-105.0403,39.7861,33.83,60.72,https://images.unsplash.com/photo-1774876203004-461433250ada?w=160&h=110&fit=crop&q=70,https://images.unsplash.com/photo-1774876203004-461433250ada?w=1040&h=760&fit=crop&q=75
19,Beacon Square,Retail,Denver,CO,7,2009,2018-09-03,Renee Abbott,420000.0,330000.0,-105.1991,39.7249,33.56,60.48,https://images.unsplash.com/photo-1677592737831-cafae8417bdd?w=160&h=110&fit=crop&q=70,https://images.unsplash.com/photo-1677592737831-cafae8417bdd?w=1040&h=760&fit=crop&q=75
20,Maple Tower,Office,Seattle,WA,24,1999,2022-12-02,Elise Morgan,3060000.0,2370000.0,-122.4718,47.6646,4.29,91.02,https://images.unsplash.com/photo-1574958269340-fa927503f3dd?w=160&h=110&fit=crop&q=70,https://images.unsplash.com/photo-1574958269340-fa927503f3dd?w=1040&h=760&fit=crop&q=75
21,Mill Commons,Multifamily,Seattle,WA,81,1992,2019-11-02,Joanna Pike,21160000.0,17670000.0,-122.5326,47.6047,4.18,90.79,https://images.unsplash.com/photo-1592276040264-e10344a6a10e?w=160&h=110&fit=crop&q=70,https://images.unsplash.com/photo-1592276040264-e10344a6a10e?w=1040&h=760&fit=crop&q=75
22,Union Square,Retail,Phoenix,AZ,8,2019,2021-12-12,Joanna Pike,470000.0,360000.0,-112.0959,33.5034,21.87,36.55,https://images.unsplash.com/photo-1684014450587-3c7f09c53e74?w=160&h=110&fit=crop&q=70,https://images.unsplash.com/photo-1684014450587-3c7f09c53e74?w=1040&h=760&fit=crop&q=75
23,Maple Lofts,Multifamily,Phoenix,AZ,115,1994,2019-03-05,Joanna Pike,25170000.0,15340000.0,-112.2094,33.5651,21.68,36.79,https://images.unsplash.com/photo-1515263487990-61b07816b324?w=160&h=110&fit=crop&q=70,https://images.unsplash.com/photo-1515263487990-61b07816b324?w=1040&h=760&fit=crop&q=75
24,Union Flats,Multifamily,Denver,CO,81,2006,2017-03-26,Victor Chen,20900000.0,12440000.0,-104.9602,39.6859,33.97,60.33,https://images.unsplash.com/photo-1545324418-cc1a3fa10c00?w=160&h=110&fit=crop&q=70,https://images.unsplash.com/photo-1545324418-cc1a3fa10c00?w=1040&h=760&fit=crop&q=75
25,Summit Exchange,Office,Seattle,WA,8,2014,2020-10-06,Elise Morgan,1150000.0,900000.0,-122.3128,47.6263,4.55,90.87,https://images.unsplash.com/photo-1576731753569-3e93a228048c?w=160&h=110&fit=crop&q=70,https://images.unsplash.com/photo-1576731753569-3e93a228048c?w=1040&h=760&fit=crop&q=75
26,Maple Residences,Multifamily,Seattle,WA,26,2000,2020-02-10,Renee Abbott,7830000.0,6840000.0,-122.3506,47.5729,4.49,90.66,https://images.unsplash.com/photo-1624204386084-dd8c05e32226?w=160&h=110&fit=crop&q=70,https://images.unsplash.com/photo-1624204386084-dd8c05e32226?w=1040&h=760&fit=crop&q=75
27,Foundry Exchange,Office,Seattle,WA,28,2002,2018-04-15,Elise Morgan,2550000.0,1560000.0,-122.6068,47.6202,4.06,90.85,https://images.unsplash.com/photo-1470075801209-17f9ec0cada6?w=160&h=110&fit=crop&q=70,https://images.unsplash.com/photo-1470075801209-17f9ec0cada6?w=1040&h=760&fit=crop&q=75
28,Foundry Flats,Multifamily,Austin,TX,107,2008,2023-08-03,Samir Dalal,28320000.0,26830000.0,-97.7993,30.175,46.1,23.75,https://images.unsplash.com/photo-1579632652768-6cb9dcf85912?w=160&h=110&fit=crop&q=70,https://images.unsplash.com/photo-1579632652768-6cb9dcf85912?w=1040&h=760&fit=crop&q=75
29,River Tower,Office,Denver,CO,16,2010,2017-12-02,Joanna Pike,980000.0,630000.0,-104.9953,39.6937,33.91,60.36,https://images.unsplash.com/photo-1549757521-4160565ff3de?w=160&h=110&fit=crop&q=70,https://images.unsplash.com/photo-1549757521-4160565ff3de?w=1040&h=760&fit=crop&q=75
30,Canal Square,Retail,Nashville,TN,7,2009,2016-05-26,Elise Morgan,440000.0,290000.0,-86.7675,36.1443,64.8,46.71,https://images.unsplash.com/photo-1734004723482-b601578026b9?w=160&h=110&fit=crop&q=70,https://images.unsplash.com/photo-1734004723482-b601578026b9?w=1040&h=760&fit=crop&q=75
31,Orchard Square,Retail,Nashville,TN,11,1985,2021-08-14,Joanna Pike,600000.0,470000.0,-86.9483,36.2319,64.49,47.05,https://images.unsplash.com/photo-1774876203004-461433250ada?w=160&h=110&fit=crop&q=70,https://images.unsplash.com/photo-1774876203004-461433250ada?w=1040&h=760&fit=crop&q=75
32,Cedar Lofts,Multifamily,Austin,TX,93,1993,2018-11-21,Renee Abbott,20910000.0,12470000.0,-97.7926,30.3616,46.11,24.47,https://images.unsplash.com/photo-1516501312919-d0cb0b7b60b8?w=160&h=110&fit=crop&q=70,https://images.unsplash.com/photo-1516501312919-d0cb0b7b60b8?w=1040&h=760&fit=crop&q=75
33,Union Distribution Park,Industrial,Austin,TX,2,2019,2017-11-16,Joanna Pike,440000.0,340000.0,-97.8476,30.1641,46.02,23.71,https://images.unsplash.com/photo-1717662292789-e97dfb7d3c88?w=160&h=110&fit=crop&q=70,https://images.unsplash.com/photo-1717662292789-e97dfb7d3c88?w=1040&h=760&fit=crop&q=75
34,Mill Plaza,Office,Denver,CO,7,2006,2019-10-19,Victor Chen,540000.0,420000.0,-105.079,39.6764,33.76,60.29,https://images.unsplash.com/photo-1621831337128-35676ca30868?w=160&h=110&fit=crop&q=70,https://images.unsplash.com/photo-1621831337128-35676ca30868?w=1040&h=760&fit=crop&q=75
35,Canal Shops,Retail,Nashville,TN,10,1999,2017-06-30,Victor Chen,590000.0,430000.0,-86.6633,36.2118,64.98,46.97,https://images.unsplash.com/photo-1677592737831-cafae8417bdd?w=160&h=110&fit=crop&q=70,https://images.unsplash.com/photo-1677592737831-cafae8417bdd?w=1040&h=760&fit=crop&q=75
36,Foundry Commons,Multifamily,Raleigh,NC,88,2016,2022-11-08,Elise Morgan,17480000.0,15650000.0,-78.7288,35.6206,78.43,44.69,https://images.unsplash.com/photo-1619994121345-b61cd610c5a6?w=160&h=110&fit=crop&q=70,https://images.unsplash.com/photo-1619994121345-b61cd610c5a6?w=1040&h=760&fit=crop&q=75
