UnitKey,PropertyKey,UnitNumber,UnitType,SquareFeet,MarketRent
1,1,01-001,2 Bed,940,2650.0
2,1,01-002,1 Bed,705,2130.0
3,1,01-003,2 Bed,1065,3250.0
4,1,01-004,2 Bed,950,2840.0
5,1,01-005,2 Bed,1128,3410.0
6,1,01-006,1 Bed,744,2330.0
7,1,01-007,1 Bed,872,2550.0
8,1,01-008,Studio,468,1460.0
9,1,01-009,2 Bed,1220,3440.0
10,1,01-010,1 Bed,800,2280.0
11,1,01-011,3 Bed,1283,3710.0
12,1,01-012,1 Bed,843,2470.0
13,1,01-013,3 Bed,1329,3730.0
14,1,01-014,1 Bed,753,2570.0
15,1,01-015,1 Bed,747,2330.0
16,1,01-016,2 Bed,1058,3330.0
17,1,01-017,1 Bed,711,2060.0
18,1,01-018,2 Bed,1053,3270.0
19,1,01-019,Studio,477,1420.0
20,1,01-020,2 Bed,1037,2910.0
21,1,01-021,2 Bed,1030,3300.0
22,1,01-022,2 Bed,1033,3070.0
23,1,01-023,3 Bed,1381,4670.0
24,1,01-024,1 Bed,775,2330.0
25,1,01-025,3 Bed,1274,4050.0
26,1,01-026,2 Bed,1010,3210.0
27,1,01-027,3 Bed,1299,3830.0
28,1,01-028,1 Bed,793,2360.0
29,1,01-029,2 Bed,1095,3280.0
30,1,01-030,1 Bed,697,2010.0
31,1,01-031,1 Bed,773,2440.0
32,1,01-032,1 Bed,720,2470.0
33,1,01-033,1 Bed,881,2730.0
34,1,01-034,1 Bed,751,2370.0
35,1,01-035,1 Bed,762,2320.0
36,1,01-036,1 Bed,688,2060.0
37,1,01-037,2 Bed,1077,3420.0
38,1,01-038,1 Bed,769,2430.0
39,1,01-039,2 Bed,1016,2810.0
40,1,01-040,3 Bed,1324,4030.0
41,1,01-041,1 Bed,745,2340.0
42,1,01-042,Studio,531,1640.0
43,1,01-043,2 Bed,1020,3280.0
44,1,01-044,Studio,541,1820.0
45,1,01-045,1 Bed,769,2440.0
46,1,01-046,2 Bed,1157,3580.0
47,1,01-047,2 Bed,1114,3410.0
48,1,01-048,3 Bed,1341,4090.0
49,1,01-049,2 Bed,1161,3350.0
50,1,01-050,3 Bed,1344,4170.0
51,1,01-051,3 Bed,1333,4150.0
52,1,01-052,1 Bed,796,2340.0
53,1,01-053,Studio,505,1520.0
54,1,01-054,1 Bed,804,2270.0
55,1,01-055,1 Bed,675,2190.0
56,1,01-056,2 Bed,997,3170.0
57,1,01-057,2 Bed,1055,3270.0
58,1,01-058,1 Bed,671,2210.0
59,1,01-059,1 Bed,704,2290.0
60,1,01-060,2 Bed,1033,3080.0
61,1,01-061,2 Bed,1026,3090.0
62,1,01-062,2 Bed,1035,2990.0
63,1,01-063,Studio,451,1410.0
64,1,01-064,2 Bed,1103,3500.0
65,1,01-065,Studio,432,1370.0
66,1,01-066,1 Bed,796,2490.0
67,1,01-067,3 Bed,1348,3860.0
68,1,01-068,1 Bed,833,2330.0
69,1,01-069,2 Bed,1070,3160.0
70,1,01-070,2 Bed,1033,3000.0
71,1,01-071,Studio,436,1350.0
72,1,01-072,1 Bed,778,2040.0
73,1,01-073,2 Bed,1035,3140.0
74,1,01-074,1 Bed,703,2330.0
75,1,01-075,2 Bed,1046,3320.0
76,1,01-076,1 Bed,753,2380.0
77,1,01-077,2 Bed,1152,3560.0
78,1,01-078,2 Bed,1062,3310.0
79,1,01-079,2 Bed,1098,3550.0
80,1,01-080,3 Bed,1422,4770.0
81,1,01-081,Studio,419,1350.0
82,1,01-082,1 Bed,786,2300.0
83,1,01-083,3 Bed,1306,3980.0
84,1,01-084,2 Bed,1098,3250.0
85,1,01-085,1 Bed,685,2150.0
86,1,01-086,Studio,472,1480.0
87,1,01-087,3 Bed,1336,4070.0
88,1,01-088,1 Bed,844,2670.0
89,1,01-089,2 Bed,1051,3490.0
90,1,01-090,2 Bed,1013,2740.0
91,1,01-091,2 Bed,1067,3280.0
92,1,01-092,Studio,493,1480.0
93,1,01-093,2 Bed,1083,3010.0
94,1,01-094,2 Bed,1063,2890.0
95,1,01-095,1 Bed,716,2180.0
96,1,01-096,1 Bed,774,2450.0
97,1,01-097,1 Bed,659,1760.0
98,1,01-098,3 Bed,1380,4540.0
99,1,01-099,2 Bed,1067,3290.0
100,1,01-100,2 Bed,1192,3700.0
101,1,01-101,2 Bed,1021,2830.0
102,2,02-001,2 Bed,1039,1720.0
103,2,02-002,1 Bed,859,1350.0
104,2,02-003,Studio,468,720.0
105,2,02-004,1 Bed,780,1200.0
106,2,02-005,2 Bed,951,1440.0
107,2,02-006,2 Bed,1077,1680.0
108,2,02-007,2 Bed,966,1530.0
109,2,02-008,1 Bed,783,1150.0
110,2,02-009,1 Bed,738,1120.0
111,2,02-010,1 Bed,735,1130.0
112,2,02-011,Studio,453,680.0
113,2,02-012,3 Bed,1398,2390.0
114,2,02-013,2 Bed,1017,1510.0
115,2,02-014,2 Bed,1062,1670.0
116,2,02-015,2 Bed,1064,1550.0
117,2,02-016,2 Bed,1095,1600.0
118,2,02-017,Studio,479,720.0
119,2,02-018,2 Bed,1108,1620.0
120,2,02-019,1 Bed,849,1270.0
121,2,02-020,3 Bed,1345,2010.0
122,2,02-021,3 Bed,1364,2170.0
123,2,02-022,1 Bed,783,1150.0
124,2,02-023,1 Bed,854,1310.0
125,2,02-024,1 Bed,735,1140.0
126,2,02-025,3 Bed,1310,2040.0
127,2,02-026,2 Bed,1118,1710.0
128,2,02-027,Studio,453,730.0
129,2,02-028,1 Bed,767,1180.0
130,2,02-029,2 Bed,1108,1610.0
131,2,02-030,1 Bed,760,1220.0
132,2,02-031,2 Bed,1154,1880.0
133,2,02-032,2 Bed,1026,1480.0
134,2,02-033,2 Bed,981,1380.0
135,2,02-034,1 Bed,770,1160.0
136,2,02-035,2 Bed,1045,1540.0
137,2,02-036,1 Bed,768,1130.0
138,2,02-037,1 Bed,696,1080.0
139,2,02-038,1 Bed,816,1260.0
140,2,02-039,1 Bed,791,1190.0
141,2,02-040,2 Bed,1021,1520.0
142,2,02-041,1 Bed,771,1190.0
143,2,02-042,3 Bed,1398,2150.0
144,2,02-043,2 Bed,1003,1570.0
145,2,02-044,2 Bed,1097,1650.0
146,2,02-045,2 Bed,1207,1860.0
147,2,02-046,2 Bed,917,1480.0
148,2,02-047,2 Bed,1050,1530.0
149,2,02-048,3 Bed,1309,2120.0
150,2,02-049,1 Bed,838,1150.0
151,2,02-050,2 Bed,1002,1340.0
152,2,02-051,1 Bed,805,1270.0
153,2,02-052,2 Bed,1052,1590.0
154,2,02-053,2 Bed,1107,1750.0
155,2,02-054,Studio,484,730.0
156,2,02-055,3 Bed,1280,1880.0
157,2,02-056,1 Bed,770,1180.0
158,2,02-057,1 Bed,779,1170.0
159,2,02-058,1 Bed,764,1160.0
160,2,02-059,Studio,402,660.0
161,2,02-060,1 Bed,841,1180.0
162,2,02-061,3 Bed,1298,2020.0
163,2,02-062,3 Bed,1372,2160.0
164,2,02-063,2 Bed,970,1510.0
165,2,02-064,1 Bed,753,1090.0
166,2,02-065,1 Bed,697,1060.0
167,2,02-066,2 Bed,1101,1770.0
168,2,02-067,2 Bed,1097,1610.0
169,3,03-001,1 Bed,807,950.0
170,3,03-002,Studio,404,490.0
171,3,03-003,3 Bed,1357,1730.0
172,3,03-004,1 Bed,879,1110.0
173,3,03-005,2 Bed,992,1070.0
174,3,03-006,2 Bed,996,1210.0
175,3,03-007,1 Bed,826,940.0
176,3,03-008,Studio,481,580.0
177,3,03-009,1 Bed,825,1020.0
178,3,03-010,1 Bed,717,880.0
179,3,03-011,2 Bed,1113,1350.0
180,3,03-012,1 Bed,626,830.0
181,3,03-013,Studio,455,580.0
182,3,03-014,1 Bed,876,1160.0
183,3,03-015,Studio,480,590.0
184,3,03-016,2 Bed,1012,1220.0
185,3,03-017,1 Bed,827,1040.0
186,3,03-018,3 Bed,1461,1720.0
187,3,03-019,1 Bed,769,950.0
188,3,03-020,Studio,504,670.0
189,3,03-021,3 Bed,1379,1790.0
190,3,03-022,1 Bed,837,1000.0
191,3,03-023,3 Bed,1311,1670.0
192,3,03-024,2 Bed,1022,1370.0
193,3,03-025,3 Bed,1336,1720.0
194,3,03-026,1 Bed,826,920.0
195,3,03-027,1 Bed,700,910.0
196,3,03-028,2 Bed,1086,1300.0
197,3,03-029,2 Bed,988,1170.0
198,3,03-030,Studio,489,580.0
199,3,03-031,1 Bed,781,970.0
200,3,03-032,2 Bed,1065,1360.0
201,3,03-033,1 Bed,690,870.0
202,3,03-034,Studio,510,620.0
203,3,03-035,2 Bed,1099,1310.0
204,3,03-036,Studio,484,610.0
205,3,03-037,3 Bed,1470,1800.0
206,3,03-038,2 Bed,1059,1290.0
207,3,03-039,2 Bed,1065,1210.0
208,3,03-040,Studio,592,790.0
209,3,03-041,3 Bed,1411,1890.0
210,3,03-042,1 Bed,801,1000.0
211,3,03-043,2 Bed,1057,1290.0
212,3,03-044,2 Bed,956,1290.0
213,3,03-045,1 Bed,879,1110.0
214,3,03-046,Studio,499,630.0
215,3,03-047,2 Bed,1115,1310.0
216,3,03-048,1 Bed,755,1000.0
217,3,03-049,1 Bed,763,940.0
218,3,03-050,2 Bed,1062,1270.0
219,3,03-051,Studio,480,590.0
220,3,03-052,1 Bed,700,930.0
221,3,03-053,1 Bed,825,1020.0
222,3,03-054,1 Bed,838,950.0
223,3,03-055,1 Bed,842,1050.0
224,3,03-056,2 Bed,1065,1330.0
225,3,03-057,3 Bed,1370,1670.0
226,3,03-058,2 Bed,1097,1250.0
227,3,03-059,Studio,410,500.0
228,3,03-060,Studio,523,620.0
229,3,03-061,1 Bed,844,1140.0
230,3,03-062,Studio,511,590.0
231,3,03-063,2 Bed,1083,1360.0
232,3,03-064,2 Bed,1053,1270.0
233,3,03-065,2 Bed,1048,1360.0
234,3,03-066,1 Bed,814,1020.0
235,3,03-067,1 Bed,714,920.0
236,3,03-068,1 Bed,742,960.0
237,3,03-069,2 Bed,1097,1340.0
238,3,03-070,1 Bed,760,930.0
239,3,03-071,2 Bed,1110,1210.0
240,3,03-072,1 Bed,790,980.0
241,3,03-073,Studio,432,510.0
242,3,03-074,2 Bed,1075,1210.0
243,3,03-075,Studio,379,490.0
244,3,03-076,2 Bed,1041,1270.0
245,3,03-077,1 Bed,788,940.0
246,4,04-001,Bay,36960,3520.0
247,4,04-002,Bay,22849,2040.0
248,4,04-003,Bay,24306,2130.0
249,4,04-004,Bay,35435,3520.0
250,5,05-001,Suite,1263,300.0
251,5,05-002,Suite,4898,1120.0
252,5,05-003,Suite,4434,1100.0
253,5,05-004,Suite,2825,610.0
254,5,05-005,Suite,3882,900.0
255,5,05-006,Suite,7421,1470.0
256,5,05-007,Suite,2699,610.0
257,5,05-008,Suite,3784,820.0
258,5,05-009,Suite,3064,730.0
259,5,05-010,Suite,2159,480.0
260,5,05-011,Suite,1617,340.0
261,5,05-012,Suite,2342,520.0
262,5,05-013,Suite,3635,860.0
263,5,05-014,Suite,3867,1000.0
264,5,05-015,Suite,3966,940.0
265,5,05-016,Suite,2041,480.0
266,5,05-017,Suite,4014,870.0
267,6,06-001,Suite,1624,370.0
268,6,06-002,Suite,3446,760.0
269,6,06-003,Suite,3463,760.0
270,6,06-004,Suite,2385,530.0
271,6,06-005,Suite,5265,1170.0
272,6,06-006,Suite,3652,850.0
273,6,06-007,Suite,3740,810.0
274,6,06-008,Suite,1696,380.0
275,6,06-009,Suite,2920,580.0
276,6,06-010,Suite,2723,630.0
277,6,06-011,Suite,3292,720.0
278,6,06-012,Suite,3417,790.0
279,6,06-013,Suite,4690,1050.0
280,6,06-014,Suite,1289,310.0
281,6,06-015,Suite,2839,630.0
282,6,06-016,Suite,3598,820.0
283,6,06-017,Suite,3599,810.0
284,6,06-018,Suite,7926,1820.0
285,6,06-019,Suite,1709,360.0
286,6,06-020,Suite,1414,330.0
287,6,06-021,Suite,4146,860.0
288,6,06-022,Suite,4161,920.0
289,6,06-023,Suite,4244,980.0
290,6,06-024,Suite,3435,800.0
291,6,06-025,Suite,5800,1280.0
292,6,06-026,Suite,4621,1050.0
293,6,06-027,Suite,3284,680.0
294,6,06-028,Suite,2179,480.0
295,7,07-001,Suite,1377,220.0
296,7,07-002,Suite,838,140.0
297,7,07-003,Suite,1539,260.0
298,7,07-004,Suite,3539,570.0
299,7,07-005,Suite,1090,170.0
300,7,07-006,Suite,3167,520.0
301,7,07-007,Suite,2289,340.0
302,7,07-008,Suite,1947,360.0
303,7,07-009,Suite,2898,500.0
304,7,07-010,Suite,1685,300.0
305,7,07-011,Suite,4449,680.0
306,7,07-012,Suite,2117,380.0
307,7,07-013,Suite,3859,600.0
308,7,07-014,Suite,1475,240.0
309,7,07-015,Suite,3135,550.0
310,7,07-016,Suite,952,160.0
311,8,08-001,Suite,4222,1170.0
312,8,08-002,Suite,6716,1840.0
313,8,08-003,Suite,1782,500.0
314,8,08-004,Suite,5285,1350.0
315,8,08-005,Suite,2109,570.0
316,8,08-006,Suite,3269,990.0
317,8,08-007,Suite,2633,760.0
318,8,08-008,Suite,2463,740.0
319,8,08-009,Suite,4066,1180.0
320,8,08-010,Suite,4305,1170.0
321,8,08-011,Suite,2451,680.0
322,8,08-012,Suite,1000,280.0
323,8,08-013,Suite,5995,1670.0
324,8,08-014,Suite,2899,850.0
325,8,08-015,Suite,4919,1490.0
326,8,08-016,Suite,5079,1470.0
327,8,08-017,Suite,6661,1940.0
328,8,08-018,Suite,3860,1050.0
329,8,08-019,Suite,1896,540.0
330,8,08-020,Suite,3126,890.0
331,8,08-021,Suite,3660,1070.0
332,8,08-022,Suite,2378,680.0
333,8,08-023,Suite,2456,680.0
334,9,09-001,Suite,3320,710.0
335,9,09-002,Suite,6088,1220.0
336,9,09-003,Suite,4724,1030.0
337,9,09-004,Suite,2448,470.0
338,9,09-005,Suite,3778,850.0
339,9,09-006,Suite,2237,450.0
340,10,10-001,2 Bed,1048,2220.0
341,10,10-002,2 Bed,990,1930.0
342,10,10-003,2 Bed,1082,2340.0
343,10,10-004,2 Bed,1093,2360.0
344,10,10-005,2 Bed,928,1960.0
345,10,10-006,Studio,562,1190.0
346,10,10-007,2 Bed,1136,2460.0
347,10,10-008,2 Bed,1121,2380.0
348,10,10-009,1 Bed,828,1750.0
349,10,10-010,2 Bed,1015,2190.0
350,10,10-011,Studio,372,780.0
351,10,10-012,1 Bed,829,1860.0
352,10,10-013,2 Bed,1102,2240.0
353,10,10-014,1 Bed,722,1560.0
354,10,10-015,2 Bed,995,2090.0
355,10,10-016,1 Bed,796,1590.0
356,10,10-017,2 Bed,1113,2360.0
357,10,10-018,1 Bed,786,1680.0
358,10,10-019,Studio,432,900.0
359,10,10-020,1 Bed,811,1640.0
360,10,10-021,1 Bed,697,1370.0
361,10,10-022,2 Bed,1135,2410.0
362,10,10-023,Studio,446,940.0
363,10,10-024,1 Bed,879,1890.0
364,10,10-025,1 Bed,780,1520.0
365,10,10-026,1 Bed,723,1650.0
366,10,10-027,2 Bed,1042,2230.0
367,10,10-028,1 Bed,809,1620.0
368,10,10-029,3 Bed,1422,2830.0
369,10,10-030,3 Bed,1336,2800.0
370,10,10-031,2 Bed,1059,2370.0
371,10,10-032,2 Bed,1026,2300.0
372,10,10-033,3 Bed,1378,3090.0
373,10,10-034,2 Bed,1034,2220.0
374,10,10-035,1 Bed,756,1440.0
375,10,10-036,2 Bed,1012,2140.0
376,10,10-037,1 Bed,790,1700.0
377,11,11-001,Suite,1466,320.0
378,11,11-002,Suite,2490,600.0
379,11,11-003,Suite,2053,470.0
380,11,11-004,Suite,1961,450.0
381,11,11-005,Suite,1252,280.0
382,11,11-006,Suite,3288,740.0
383,11,11-007,Suite,2199,470.0
384,11,11-008,Suite,2931,740.0
385,11,11-009,Suite,2233,490.0
386,11,11-010,Suite,2508,580.0
387,11,11-011,Suite,4066,990.0
388,11,11-012,Suite,3195,750.0
389,11,11-013,Suite,5099,1130.0
390,11,11-014,Suite,1203,290.0
391,11,11-015,Suite,1768,430.0
392,11,11-016,Suite,902,190.0
393,12,12-001,1 Bed,865,1630.0
394,12,12-002,Studio,499,910.0
395,12,12-003,2 Bed,1065,1830.0
396,12,12-004,3 Bed,1359,2600.0
397,12,12-005,2 Bed,1079,1990.0
398,12,12-006,1 Bed,783,1520.0
399,12,12-007,2 Bed,1040,1930.0
400,12,12-008,2 Bed,1134,2030.0
401,12,12-009,Studio,518,1090.0
402,12,12-010,2 Bed,999,1830.0
403,12,12-011,1 Bed,794,1540.0
404,12,12-012,2 Bed,1068,1930.0
405,12,12-013,3 Bed,1284,2580.0
406,12,12-014,1 Bed,725,1410.0
407,12,12-015,2 Bed,986,1910.0
408,12,12-016,3 Bed,1324,2610.0
409,12,12-017,1 Bed,739,1500.0
410,12,12-018,2 Bed,1078,1940.0
411,12,12-019,2 Bed,1101,2080.0
412,12,12-020,1 Bed,760,1440.0
413,12,12-021,2 Bed,1001,1840.0
414,12,12-022,1 Bed,781,1570.0
415,12,12-023,1 Bed,766,1420.0
416,12,12-024,1 Bed,765,1500.0
417,12,12-025,1 Bed,766,1500.0
418,12,12-026,2 Bed,1149,2170.0
419,12,12-027,Studio,460,840.0
420,12,12-028,2 Bed,1056,1820.0
421,12,12-029,1 Bed,730,1390.0
422,12,12-030,1 Bed,775,1430.0
423,12,12-031,1 Bed,806,1500.0
424,12,12-032,1 Bed,704,1280.0
425,12,12-033,1 Bed,795,1510.0
426,12,12-034,1 Bed,798,1560.0
427,12,12-035,Studio,570,1020.0
428,12,12-036,3 Bed,1332,2660.0
429,12,12-037,3 Bed,1350,2410.0
430,12,12-038,3 Bed,1323,2510.0
431,12,12-039,2 Bed,998,1770.0
432,12,12-040,1 Bed,744,1440.0
433,12,12-041,1 Bed,721,1180.0
434,12,12-042,1 Bed,849,1750.0
435,12,12-043,Studio,584,1140.0
436,12,12-044,2 Bed,1148,2250.0
437,12,12-045,2 Bed,1019,1810.0
438,12,12-046,2 Bed,996,1890.0
439,12,12-047,2 Bed,1025,1880.0
440,12,12-048,1 Bed,751,1350.0
441,12,12-049,2 Bed,1066,1990.0
442,12,12-050,Studio,424,810.0
443,12,12-051,1 Bed,741,1390.0
444,12,12-052,1 Bed,708,1340.0
445,12,12-053,3 Bed,1354,2530.0
446,12,12-054,Studio,468,840.0
447,12,12-055,1 Bed,862,1530.0
448,12,12-056,1 Bed,824,1580.0
449,12,12-057,1 Bed,782,1560.0
450,12,12-058,Studio,518,980.0
451,12,12-059,2 Bed,1158,2150.0
452,12,12-060,2 Bed,1094,2000.0
453,12,12-061,2 Bed,1135,2130.0
454,12,12-062,1 Bed,857,1610.0
455,12,12-063,2 Bed,1126,1920.0
456,12,12-064,1 Bed,636,1240.0
457,12,12-065,1 Bed,727,1350.0
458,12,12-066,2 Bed,1115,2160.0
459,12,12-067,2 Bed,1094,2250.0
460,12,12-068,1 Bed,786,1570.0
461,12,12-069,3 Bed,1316,2310.0
462,12,12-070,Studio,492,910.0
463,12,12-071,2 Bed,1074,2030.0
464,12,12-072,2 Bed,1044,2000.0
465,12,12-073,2 Bed,1043,1910.0
466,12,12-074,1 Bed,760,1350.0
467,12,12-075,2 Bed,946,1760.0
468,12,12-076,Studio,452,840.0
469,12,12-077,2 Bed,1102,2180.0
470,13,13-001,Suite,2564,560.0
471,13,13-002,Suite,3425,680.0
472,13,13-003,Suite,2405,490.0
473,13,13-004,Suite,3694,740.0
474,13,13-005,Suite,2606,510.0
475,13,13-006,Suite,4348,980.0
476,13,13-007,Suite,4077,830.0
477,13,13-008,Suite,3752,750.0
478,13,13-009,Suite,1910,420.0
479,13,13-010,Suite,1689,370.0
480,13,13-011,Suite,7789,1650.0
481,13,13-012,Suite,4877,960.0
482,13,13-013,Suite,2524,540.0
483,13,13-014,Suite,2689,580.0
484,14,14-001,2 Bed,1096,1770.0
485,14,14-002,Studio,449,750.0
486,14,14-003,3 Bed,1391,2310.0
487,14,14-004,1 Bed,873,1440.0
488,14,14-005,1 Bed,704,1070.0
489,14,14-006,3 Bed,1296,2260.0
490,14,14-007,3 Bed,1345,2320.0
491,14,14-008,Studio,415,700.0
492,14,14-009,2 Bed,995,1750.0
493,14,14-010,3 Bed,1422,2310.0
494,14,14-011,2 Bed,948,1740.0
495,14,14-012,1 Bed,764,1480.0
496,14,14-013,2 Bed,1020,1700.0
497,14,14-014,2 Bed,1016,1700.0
498,14,14-015,1 Bed,704,1240.0
499,14,14-016,1 Bed,788,1370.0
500,14,14-017,Studio,467,840.0
501,14,14-018,1 Bed,635,1190.0
502,14,14-019,1 Bed,729,1210.0
503,14,14-020,2 Bed,939,1740.0
504,14,14-021,2 Bed,1138,1960.0
505,14,14-022,3 Bed,1290,2250.0
506,14,14-023,2 Bed,1060,1860.0
507,14,14-024,2 Bed,1077,1810.0
508,14,14-025,1 Bed,805,1380.0
509,14,14-026,1 Bed,697,1190.0
510,14,14-027,Studio,489,830.0
511,14,14-028,2 Bed,1112,1920.0
512,14,14-029,3 Bed,1489,2630.0
513,14,14-030,1 Bed,728,1310.0
514,14,14-031,2 Bed,1058,1760.0
515,14,14-032,2 Bed,1127,1840.0
516,14,14-033,1 Bed,685,1120.0
517,14,14-034,2 Bed,1165,2100.0
518,14,14-035,1 Bed,788,1350.0
519,14,14-036,1 Bed,807,1220.0
520,14,14-037,3 Bed,1419,2390.0
521,14,14-038,1 Bed,797,1360.0
522,14,14-039,1 Bed,843,1400.0
523,14,14-040,2 Bed,1027,1800.0
524,14,14-041,1 Bed,793,1280.0
525,14,14-042,1 Bed,799,1230.0
526,14,14-043,1 Bed,725,1180.0
527,14,14-044,1 Bed,777,1410.0
528,14,14-045,Studio,566,870.0
529,14,14-046,2 Bed,1031,1570.0
530,14,14-047,1 Bed,814,1410.0
531,14,14-048,2 Bed,1099,1850.0
532,15,15-001,1 Bed,699,1120.0
533,15,15-002,1 Bed,824,1420.0
534,15,15-003,1 Bed,891,1520.0
535,15,15-004,1 Bed,695,1000.0
536,15,15-005,3 Bed,1251,2060.0
537,15,15-006,2 Bed,1064,1740.0
538,15,15-007,1 Bed,755,1250.0
539,15,15-008,1 Bed,746,1350.0
540,15,15-009,1 Bed,757,1190.0
541,15,15-010,1 Bed,771,1280.0
542,15,15-011,2 Bed,1022,1660.0
543,15,15-012,2 Bed,934,1470.0
544,15,15-013,Studio,485,840.0
545,15,15-014,2 Bed,1117,1750.0
546,15,15-015,1 Bed,668,990.0
547,15,15-016,1 Bed,874,1510.0
548,15,15-017,2 Bed,1079,1720.0
549,15,15-018,2 Bed,1068,1800.0
550,15,15-019,1 Bed,768,1290.0
551,15,15-020,1 Bed,808,1330.0
552,15,15-021,1 Bed,724,1120.0
553,15,15-022,1 Bed,760,1330.0
554,15,15-023,3 Bed,1365,2180.0
555,15,15-024,2 Bed,1144,1970.0
556,15,15-025,1 Bed,813,1220.0
557,15,15-026,1 Bed,709,1240.0
558,15,15-027,2 Bed,1063,1900.0
559,15,15-028,3 Bed,1413,2270.0
560,15,15-029,1 Bed,734,1210.0
561,15,15-030,2 Bed,1076,1800.0
562,15,15-031,1 Bed,698,1090.0
563,15,15-032,2 Bed,1012,1440.0
564,15,15-033,1 Bed,745,1130.0
565,15,15-034,1 Bed,795,1280.0
566,15,15-035,Studio,523,900.0
567,15,15-036,2 Bed,1049,1950.0
568,15,15-037,1 Bed,808,1330.0
569,15,15-038,3 Bed,1317,2260.0
570,15,15-039,2 Bed,1115,1670.0
571,15,15-040,2 Bed,1055,1720.0
572,15,15-041,1 Bed,761,1260.0
573,15,15-042,1 Bed,769,1300.0
574,15,15-043,Studio,508,900.0
575,15,15-044,1 Bed,781,1340.0
576,15,15-045,1 Bed,919,1690.0
577,16,16-001,Suite,5044,1260.0
578,16,16-002,Suite,3398,780.0
579,16,16-003,Suite,2761,640.0
580,16,16-004,Suite,1831,400.0
581,16,16-005,Suite,4767,1150.0
582,16,16-006,Suite,1931,420.0
583,16,16-007,Suite,2875,640.0
584,16,16-008,Suite,2316,520.0
585,16,16-009,Suite,2101,510.0
586,16,16-010,Suite,1907,430.0
587,16,16-011,Suite,3434,700.0
588,16,16-012,Suite,5992,1350.0
589,16,16-013,Suite,3300,700.0
590,16,16-014,Suite,3984,960.0
591,16,16-015,Suite,4497,1020.0
592,16,16-016,Suite,4796,1100.0
593,16,16-017,Suite,2341,510.0
594,16,16-018,Suite,2306,550.0
595,17,17-001,Suite,4146,990.0
596,17,17-002,Suite,2190,470.0
597,17,17-003,Suite,2760,650.0
598,17,17-004,Suite,2821,640.0
599,17,17-005,Suite,2673,550.0
600,17,17-006,Suite,5133,1180.0
601,17,17-007,Suite,7680,1640.0
602,17,17-008,Suite,2798,660.0
603,17,17-009,Suite,8105,1610.0
604,17,17-010,Suite,3920,820.0
605,17,17-011,Suite,1592,340.0
606,17,17-012,Suite,3547,780.0
607,17,17-013,Suite,2572,560.0
608,17,17-014,Suite,3496,770.0
609,18,18-001,Suite,4519,1090.0
610,18,18-002,Suite,3976,890.0
611,18,18-003,Suite,3848,890.0
612,18,18-004,Suite,1790,410.0
613,18,18-005,Suite,1372,350.0
614,18,18-006,Suite,3036,650.0
615,18,18-007,Suite,1723,400.0
616,18,18-008,Suite,1774,410.0
617,18,18-009,Suite,1801,450.0
618,18,18-010,Suite,2428,580.0
619,18,18-011,Suite,2147,540.0
620,18,18-012,Suite,1399,330.0
621,18,18-013,Suite,2312,510.0
622,18,18-014,Suite,2089,510.0
623,18,18-015,Suite,4278,1030.0
624,18,18-016,Suite,1834,430.0
625,18,18-017,Suite,1316,280.0
626,19,19-001,Suite,3498,800.0
627,19,19-002,Suite,2976,620.0
628,19,19-003,Suite,2539,550.0
629,19,19-004,Suite,1088,210.0
630,19,19-005,Suite,2587,560.0
631,19,19-006,Suite,2915,600.0
632,19,19-007,Suite,1553,360.0
633,20,20-001,Suite,4504,1290.0
634,20,20-002,Suite,2204,760.0
635,20,20-003,Suite,3481,1180.0
636,20,20-004,Suite,4177,1450.0
637,20,20-005,Suite,3555,1300.0
638,20,20-006,Suite,2386,820.0
639,20,20-007,Suite,2526,860.0
640,20,20-008,Suite,2936,1080.0
641,20,20-009,Suite,4303,1420.0
642,20,20-010,Suite,4107,1220.0
643,20,20-011,Suite,4048,1430.0
644,20,20-012,Suite,2481,840.0
645,20,20-013,Suite,4369,1630.0
646,20,20-014,Suite,6138,2150.0
647,20,20-015,Suite,2811,940.0
648,20,20-016,Suite,3230,1140.0
649,20,20-017,Suite,6554,2250.0
650,20,20-018,Suite,3582,1200.0
651,20,20-019,Suite,3823,1400.0
652,20,20-020,Suite,2269,750.0
653,20,20-021,Suite,2935,1090.0
654,20,20-022,Suite,6015,2060.0
655,20,20-023,Suite,2764,840.0
656,20,20-024,Suite,3750,1330.0
657,21,21-001,Studio,491,1040.0
658,21,21-002,1 Bed,755,1450.0
659,21,21-003,1 Bed,772,1710.0
660,21,21-004,3 Bed,1379,2900.0
661,21,21-005,1 Bed,824,1770.0
662,21,21-006,1 Bed,740,1560.0
663,21,21-007,1 Bed,773,1620.0
664,21,21-008,Studio,591,1250.0
665,21,21-009,2 Bed,974,2270.0
666,21,21-010,1 Bed,613,1320.0
667,21,21-011,1 Bed,785,1730.0
668,21,21-012,2 Bed,1005,2300.0
669,21,21-013,1 Bed,822,1840.0
670,21,21-014,1 Bed,713,1580.0
671,21,21-015,Studio,518,1120.0
672,21,21-016,2 Bed,993,2180.0
673,21,21-017,2 Bed,1133,2390.0
674,21,21-018,1 Bed,893,1780.0
675,21,21-019,1 Bed,751,1540.0
676,21,21-020,1 Bed,874,1760.0
677,21,21-021,1 Bed,883,1810.0
678,21,21-022,Studio,382,880.0
679,21,21-023,Studio,440,940.0
680,21,21-024,3 Bed,1480,3040.0
681,21,21-025,3 Bed,1289,2750.0
682,21,21-026,Studio,486,980.0
683,21,21-027,2 Bed,994,2330.0
684,21,21-028,3 Bed,1200,2780.0
685,21,21-029,2 Bed,1119,2260.0
686,21,21-030,Studio,489,1040.0
687,21,21-031,1 Bed,839,1880.0
688,21,21-032,3 Bed,1373,2780.0
689,21,21-033,1 Bed,781,1600.0
690,21,21-034,1 Bed,766,1600.0
691,21,21-035,2 Bed,1013,2050.0
692,21,21-036,2 Bed,1109,2450.0
693,21,21-037,1 Bed,799,1740.0
694,21,21-038,1 Bed,729,1510.0
695,21,21-039,1 Bed,742,1500.0
696,21,21-040,Studio,497,980.0
697,21,21-041,1 Bed,655,1340.0
698,21,21-042,3 Bed,1398,3070.0
699,21,21-043,2 Bed,1042,2050.0
700,21,21-044,2 Bed,1039,2040.0
701,21,21-045,2 Bed,1113,2280.0
702,21,21-046,1 Bed,753,1490.0
703,21,21-047,Studio,451,990.0
704,21,21-048,1 Bed,865,2020.0
705,21,21-049,1 Bed,804,1840.0
706,21,21-050,Studio,506,1010.0
707,21,21-051,1 Bed,799,1690.0
708,21,21-052,Studio,411,860.0
709,21,21-053,3 Bed,1448,3050.0
710,21,21-054,1 Bed,842,1810.0
711,21,21-055,2 Bed,992,2050.0
712,21,21-056,2 Bed,981,2080.0
713,21,21-057,1 Bed,728,1480.0
714,21,21-058,1 Bed,762,1670.0
715,21,21-059,1 Bed,803,1680.0
716,21,21-060,2 Bed,1088,2300.0
717,21,21-061,2 Bed,1106,2330.0
718,21,21-062,Studio,491,1010.0
719,21,21-063,1 Bed,704,1530.0
720,21,21-064,2 Bed,972,2060.0
721,21,21-065,2 Bed,1041,2220.0
722,21,21-066,1 Bed,670,1530.0
723,21,21-067,1 Bed,731,1350.0
724,21,21-068,2 Bed,1137,2390.0
725,21,21-069,2 Bed,977,2150.0
726,21,21-070,1 Bed,770,1600.0
727,21,21-071,2 Bed,1067,2190.0
728,21,21-072,3 Bed,1390,2980.0
729,21,21-073,Studio,531,1150.0
730,21,21-074,2 Bed,1022,1920.0
731,21,21-075,Studio,452,990.0
732,21,21-076,1 Bed,763,1720.0
733,21,21-077,1 Bed,776,1500.0
734,21,21-078,3 Bed,1379,3030.0
735,21,21-079,1 Bed,696,1570.0
736,21,21-080,Studio,505,1150.0
737,21,21-081,3 Bed,1294,2680.0
738,22,22-001,Suite,2120,350.0
739,22,22-002,Suite,2180,420.0
740,22,22-003,Suite,2477,480.0
741,22,22-004,Suite,3700,660.0
742,22,22-005,Suite,6514,1170.0
743,22,22-006,Suite,2222,340.0
744,22,22-007,Suite,1222,210.0
745,22,22-008,Suite,3154,570.0
746,23,23-001,Studio,491,900.0
747,23,23-002,1 Bed,784,1330.0
748,23,23-003,1 Bed,650,1230.0
749,23,23-004,1 Bed,703,1110.0
750,23,23-005,2 Bed,1057,1800.0
751,23,23-006,2 Bed,1143,1870.0
752,23,23-007,Studio,415,720.0
753,23,23-008,1 Bed,753,1350.0
754,23,23-009,Studio,483,820.0
755,23,23-010,1 Bed,801,1410.0
756,23,23-011,2 Bed,1143,1800.0
757,23,23-012,2 Bed,1044,1840.0
758,23,23-013,2 Bed,1058,1680.0
759,23,23-014,1 Bed,744,1290.0
760,23,23-015,Studio,436,810.0
761,23,23-016,1 Bed,815,1310.0
762,23,23-017,2 Bed,1052,1760.0
763,23,23-018,2 Bed,1064,1810.0
764,23,23-019,2 Bed,1122,1880.0
765,23,23-020,3 Bed,1216,1980.0
766,23,23-021,2 Bed,1066,1850.0
767,23,23-022,1 Bed,737,1260.0
768,23,23-023,1 Bed,841,1440.0
769,23,23-024,1 Bed,739,1300.0
770,23,23-025,Studio,554,1030.0
771,23,23-026,1 Bed,755,1290.0
772,23,23-027,Studio,467,810.0
773,23,23-028,3 Bed,1428,2580.0
774,23,23-029,Studio,543,940.0
775,23,23-030,2 Bed,1157,1960.0
776,23,23-031,1 Bed,820,1390.0
777,23,23-032,3 Bed,1377,2430.0
778,23,23-033,1 Bed,736,1330.0
779,23,23-034,1 Bed,721,1240.0
780,23,23-035,1 Bed,701,1230.0
781,23,23-036,1 Bed,831,1550.0
782,23,23-037,3 Bed,1332,2110.0
783,23,23-038,3 Bed,1428,2350.0
784,23,23-039,2 Bed,1146,1980.0
785,23,23-040,1 Bed,724,1230.0
786,23,23-041,2 Bed,1018,1720.0
787,23,23-042,1 Bed,747,1220.0
788,23,23-043,2 Bed,963,1650.0
789,23,23-044,3 Bed,1398,2490.0
790,23,23-045,1 Bed,811,1340.0
791,23,23-046,Studio,574,970.0
792,23,23-047,2 Bed,982,1470.0
793,23,23-048,1 Bed,770,1370.0
794,23,23-049,2 Bed,1146,2030.0
795,23,23-050,2 Bed,1020,1770.0
796,23,23-051,2 Bed,1127,1790.0
797,23,23-052,1 Bed,829,1490.0
798,23,23-053,3 Bed,1348,2530.0
799,23,23-054,1 Bed,863,1470.0
800,23,23-055,3 Bed,1369,2340.0
801,23,23-056,3 Bed,1326,2270.0
802,23,23-057,2 Bed,965,1890.0
803,23,23-058,1 Bed,809,1350.0
804,23,23-059,1 Bed,758,1270.0
805,23,23-060,Studio,534,950.0
806,23,23-061,2 Bed,1207,2150.0
807,23,23-062,2 Bed,1077,1770.0
808,23,23-063,1 Bed,708,1270.0
809,23,23-064,1 Bed,788,1390.0
810,23,23-065,1 Bed,676,1180.0
811,23,23-066,1 Bed,673,1250.0
812,23,23-067,3 Bed,1422,2190.0
813,23,23-068,3 Bed,1331,2240.0
814,23,23-069,1 Bed,761,1290.0
815,23,23-070,1 Bed,723,1290.0
816,23,23-071,2 Bed,1077,1900.0
817,23,23-072,3 Bed,1238,2190.0
818,23,23-073,1 Bed,725,1190.0
819,23,23-074,Studio,557,1000.0
820,23,23-075,2 Bed,1108,1860.0
821,23,23-076,2 Bed,992,1680.0
822,23,23-077,2 Bed,1100,1870.0
823,23,23-078,2 Bed,1113,1930.0
824,23,23-079,2 Bed,1026,1900.0
825,23,23-080,3 Bed,1366,2430.0
826,23,23-081,2 Bed,1052,1830.0
827,23,23-082,2 Bed,977,1530.0
828,23,23-083,1 Bed,781,1490.0
829,23,23-084,2 Bed,1104,1780.0
830,23,23-085,Studio,463,750.0
831,23,23-086,2 Bed,1043,1780.0
832,23,23-087,2 Bed,1091,1790.0
833,23,23-088,1 Bed,857,1540.0
834,23,23-089,1 Bed,761,1220.0
835,23,23-090,1 Bed,704,1100.0
836,23,23-091,Studio,496,790.0
837,23,23-092,Studio,535,870.0
838,23,23-093,2 Bed,1080,1800.0
839,23,23-094,1 Bed,656,1150.0
840,23,23-095,1 Bed,811,1260.0
841,23,23-096,1 Bed,775,1380.0
842,23,23-097,Studio,477,720.0
843,23,23-098,2 Bed,962,1720.0
844,23,23-099,2 Bed,1177,2030.0
845,23,23-100,1 Bed,667,1060.0
846,23,23-101,1 Bed,792,1320.0
847,23,23-102,1 Bed,689,1140.0
848,23,23-103,1 Bed,814,1420.0
849,23,23-104,Studio,415,700.0
850,23,23-105,1 Bed,772,1300.0
851,23,23-106,1 Bed,616,980.0
852,23,23-107,1 Bed,831,1360.0
853,23,23-108,2 Bed,1090,1750.0
854,23,23-109,2 Bed,1054,1790.0
855,23,23-110,2 Bed,1080,1920.0
856,23,23-111,Studio,485,810.0
857,23,23-112,2 Bed,1030,1800.0
858,23,23-113,1 Bed,694,1140.0
859,23,23-114,2 Bed,996,1710.0
860,23,23-115,2 Bed,1089,1870.0
861,24,24-001,2 Bed,1085,2280.0
862,24,24-002,2 Bed,988,1940.0
863,24,24-003,2 Bed,964,2030.0
864,24,24-004,1 Bed,742,1490.0
865,24,24-005,Studio,485,920.0
866,24,24-006,Studio,532,1040.0
867,24,24-007,1 Bed,768,1600.0
868,24,24-008,2 Bed,1046,2160.0
869,24,24-009,Studio,442,970.0
870,24,24-010,2 Bed,1019,2070.0
871,24,24-011,2 Bed,890,1870.0
872,24,24-012,1 Bed,754,1630.0
873,24,24-013,Studio,451,960.0
874,24,24-014,1 Bed,754,1680.0
875,24,24-015,1 Bed,667,1320.0
876,24,24-016,1 Bed,686,1450.0
877,24,24-017,3 Bed,1409,2960.0
878,24,24-018,2 Bed,1097,2370.0
879,24,24-019,1 Bed,735,1560.0
880,24,24-020,3 Bed,1299,2630.0
881,24,24-021,2 Bed,980,2270.0
882,24,24-022,1 Bed,638,1280.0
883,24,24-023,2 Bed,1028,2010.0
884,24,24-024,2 Bed,1127,2470.0
885,24,24-025,1 Bed,835,1750.0
886,24,24-026,1 Bed,748,1600.0
887,24,24-027,1 Bed,723,1560.0
888,24,24-028,Studio,611,1290.0
889,24,24-029,2 Bed,1079,2280.0
890,24,24-030,3 Bed,1319,2750.0
891,24,24-031,1 Bed,720,1450.0
892,24,24-032,3 Bed,1378,3180.0
893,24,24-033,Studio,551,1080.0
894,24,24-034,Studio,494,1010.0
895,24,24-035,Studio,385,800.0
896,24,24-036,1 Bed,850,1740.0
897,24,24-037,2 Bed,1081,2200.0
898,24,24-038,1 Bed,787,1550.0
899,24,24-039,2 Bed,1072,2330.0
900,24,24-040,1 Bed,689,1450.0
901,24,24-041,2 Bed,1040,2130.0
902,24,24-042,2 Bed,1094,2300.0
903,24,24-043,1 Bed,759,1730.0
904,24,24-044,1 Bed,838,1670.0
905,24,24-045,2 Bed,1046,1990.0
906,24,24-046,1 Bed,724,1530.0
907,24,24-047,2 Bed,1022,2120.0
908,24,24-048,2 Bed,1049,2110.0
909,24,24-049,Studio,449,960.0
910,24,24-050,3 Bed,1356,2810.0
911,24,24-051,1 Bed,807,1710.0
912,24,24-052,2 Bed,1104,2260.0
913,24,24-053,1 Bed,762,1590.0
914,24,24-054,Studio,526,1050.0
915,24,24-055,2 Bed,1117,2420.0
916,24,24-056,Studio,470,890.0
917,24,24-057,3 Bed,1283,2660.0
918,24,24-058,1 Bed,705,1510.0
919,24,24-059,1 Bed,850,1940.0
920,24,24-060,1 Bed,820,1730.0
921,24,24-061,1 Bed,758,1560.0
922,24,24-062,3 Bed,1388,2900.0
923,24,24-063,1 Bed,769,1640.0
924,24,24-064,Studio,460,900.0
925,24,24-065,3 Bed,1291,3010.0
926,24,24-066,1 Bed,680,1350.0
927,24,24-067,Studio,529,1110.0
928,24,24-068,1 Bed,830,1730.0
929,24,24-069,2 Bed,1029,2460.0
930,24,24-070,1 Bed,680,1440.0
931,24,24-071,1 Bed,754,1580.0
932,24,24-072,1 Bed,664,1380.0
933,24,24-073,2 Bed,1040,2160.0
934,24,24-074,2 Bed,1141,2380.0
935,24,24-075,1 Bed,819,1580.0
936,24,24-076,2 Bed,1132,2320.0
937,24,24-077,1 Bed,729,1540.0
938,24,24-078,1 Bed,779,1640.0
939,24,24-079,Studio,545,1140.0
940,24,24-080,1 Bed,757,1680.0
941,24,24-081,2 Bed,1069,2460.0
942,25,25-001,Suite,7402,2250.0
943,25,25-002,Suite,4306,1230.0
944,25,25-003,Suite,3406,1050.0
945,25,25-004,Suite,7935,2250.0
946,25,25-005,Suite,2982,860.0
947,25,25-006,Suite,3543,1020.0
948,25,25-007,Suite,2950,840.0
949,25,25-008,Suite,6292,1930.0
950,26,26-001,Studio,406,1100.0
951,26,26-002,2 Bed,1039,2630.0
952,26,26-003,Studio,398,950.0
953,26,26-004,1 Bed,831,1990.0
954,26,26-005,2 Bed,998,2510.0
955,26,26-006,3 Bed,1385,3730.0
956,26,26-007,1 Bed,776,1850.0
957,26,26-008,1 Bed,862,2110.0
958,26,26-009,2 Bed,1019,2710.0
959,26,26-010,2 Bed,1037,3090.0
960,26,26-011,2 Bed,985,2650.0
961,26,26-012,2 Bed,1090,2680.0
962,26,26-013,1 Bed,822,1980.0
963,26,26-014,2 Bed,993,2580.0
964,26,26-015,1 Bed,771,1960.0
965,26,26-016,1 Bed,652,1540.0
966,26,26-017,Studio,430,1150.0
967,26,26-018,2 Bed,1010,2500.0
968,26,26-019,1 Bed,778,2070.0
969,26,26-020,1 Bed,734,1840.0
970,26,26-021,1 Bed,796,2000.0
971,26,26-022,Studio,407,1040.0
972,26,26-023,2 Bed,1080,2640.0
973,26,26-024,1 Bed,868,2020.0
974,26,26-025,1 Bed,818,2090.0
975,26,26-026,Studio,531,1330.0
976,27,27-001,Suite,5179,1420.0
977,27,27-002,Suite,1854,490.0
978,27,27-003,Suite,4382,1270.0
979,27,27-004,Suite,2562,700.0
980,27,27-005,Suite,4741,1350.0
981,27,27-006,Suite,9725,2740.0
982,27,27-007,Suite,2484,690.0
983,27,27-008,Suite,2900,840.0
984,27,27-009,Suite,3551,1000.0
985,27,27-010,Suite,2016,500.0
986,27,27-011,Suite,2090,570.0
987,27,27-012,Suite,2580,640.0
988,27,27-013,Suite,4385,1210.0
989,27,27-014,Suite,3468,930.0
990,27,27-015,Suite,3811,1000.0
991,27,27-016,Suite,3754,1010.0
992,27,27-017,Suite,2246,600.0
993,27,27-018,Suite,1131,310.0
994,27,27-019,Suite,6001,1600.0
995,27,27-020,Suite,2296,580.0
996,27,27-021,Suite,2033,510.0
997,27,27-022,Suite,1009,240.0
998,27,27-023,Suite,4349,1240.0
999,27,27-024,Suite,3797,910.0
1000,27,27-025,Suite,4176,1190.0
1001,27,27-026,Suite,960,270.0
1002,27,27-027,Suite,4361,1120.0
1003,27,27-028,Suite,1795,450.0
1004,28,28-001,2 Bed,1025,2100.0
1005,28,28-002,2 Bed,1000,2000.0
1006,28,28-003,1 Bed,666,1450.0
1007,28,28-004,1 Bed,785,1620.0
1008,28,28-005,1 Bed,867,1950.0
1009,28,28-006,2 Bed,919,1790.0
1010,28,28-007,Studio,593,1220.0
1011,28,28-008,1 Bed,709,1540.0
1012,28,28-009,2 Bed,1126,2510.0
1013,28,28-010,1 Bed,714,1660.0
1014,28,28-011,2 Bed,1030,2180.0
1015,28,28-012,1 Bed,833,1710.0
1016,28,28-013,1 Bed,861,1840.0
1017,28,28-014,Studio,487,950.0
1018,28,28-015,1 Bed,752,1630.0
1019,28,28-016,1 Bed,771,1520.0
1020,28,28-017,1 Bed,685,1420.0
1021,28,28-018,Studio,381,810.0
1022,28,28-019,Studio,331,710.0
1023,28,28-020,Studio,528,1070.0
1024,28,28-021,2 Bed,1095,2190.0
1025,28,28-022,2 Bed,961,1970.0
1026,28,28-023,1 Bed,719,1550.0
1027,28,28-024,2 Bed,1042,2150.0
1028,28,28-025,1 Bed,763,1580.0
1029,28,28-026,2 Bed,1012,2120.0
1030,28,28-027,Studio,491,1000.0
1031,28,28-028,2 Bed,1024,2050.0
1032,28,28-029,1 Bed,818,1680.0
1033,28,28-030,2 Bed,1037,2010.0
1034,28,28-031,Studio,556,1220.0
1035,28,28-032,2 Bed,1056,2190.0
1036,28,28-033,2 Bed,1068,2310.0
1037,28,28-034,2 Bed,1048,2040.0
1038,28,28-035,Studio,515,1130.0
1039,28,28-036,1 Bed,719,1450.0
1040,28,28-037,1 Bed,787,1500.0
1041,28,28-038,1 Bed,805,1590.0
1042,28,28-039,2 Bed,1183,2580.0
1043,28,28-040,3 Bed,1405,3100.0
1044,28,28-041,2 Bed,1008,2030.0
1045,28,28-042,2 Bed,1097,2380.0
1046,28,28-043,2 Bed,1088,2360.0
1047,28,28-044,1 Bed,773,1660.0
1048,28,28-045,1 Bed,762,1520.0
1049,28,28-046,2 Bed,1146,2510.0
1050,28,28-047,Studio,443,920.0
1051,28,28-048,2 Bed,1050,2090.0
1052,28,28-049,3 Bed,1350,2780.0
1053,28,28-050,1 Bed,771,1610.0
1054,28,28-051,1 Bed,835,1840.0
1055,28,28-052,1 Bed,821,1670.0
1056,28,28-053,1 Bed,816,1750.0
1057,28,28-054,2 Bed,1131,2370.0
1058,28,28-055,2 Bed,975,2040.0
1059,28,28-056,2 Bed,1065,2130.0
1060,28,28-057,Studio,402,850.0
1061,28,28-058,2 Bed,1053,2210.0
1062,28,28-059,2 Bed,1100,2280.0
1063,28,28-060,1 Bed,731,1460.0
1064,28,28-061,2 Bed,1060,2310.0
1065,28,28-062,2 Bed,1147,2320.0
1066,28,28-063,1 Bed,902,1910.0
1067,28,28-064,2 Bed,1169,2370.0
1068,28,28-065,Studio,552,1220.0
1069,28,28-066,1 Bed,706,1520.0
1070,28,28-067,1 Bed,750,1630.0
1071,28,28-068,2 Bed,906,1970.0
1072,28,28-069,2 Bed,980,1950.0
1073,28,28-070,1 Bed,718,1490.0
1074,28,28-071,1 Bed,746,1690.0
1075,28,28-072,1 Bed,840,1840.0
1076,28,28-073,2 Bed,1027,1960.0
1077,28,28-074,2 Bed,1103,2350.0
1078,28,28-075,2 Bed,1075,2200.0
1079,28,28-076,1 Bed,772,1620.0
1080,28,28-077,2 Bed,983,2250.0
1081,28,28-078,1 Bed,688,1400.0
1082,28,28-079,3 Bed,1270,2510.0
1083,28,28-080,2 Bed,1057,2180.0
1084,28,28-081,2 Bed,1022,2200.0
1085,28,28-082,1 Bed,713,1490.0
1086,28,28-083,1 Bed,821,1750.0
1087,28,28-084,2 Bed,1106,2000.0
1088,28,28-085,2 Bed,1062,2220.0
1089,28,28-086,2 Bed,1068,2230.0
1090,28,28-087,2 Bed,1138,2350.0
1091,28,28-088,1 Bed,722,1520.0
1092,28,28-089,1 Bed,799,1580.0
1093,28,28-090,1 Bed,787,1600.0
1094,28,28-091,2 Bed,1000,2060.0
1095,28,28-092,2 Bed,1059,1870.0
1096,28,28-093,2 Bed,1078,2270.0
1097,28,28-094,2 Bed,1058,2030.0
1098,28,28-095,1 Bed,771,1640.0
1099,28,28-096,2 Bed,1192,2460.0
1100,28,28-097,2 Bed,1095,2420.0
1101,28,28-098,1 Bed,770,1520.0
1102,28,28-099,2 Bed,1054,2020.0
1103,28,28-100,1 Bed,780,1580.0
1104,28,28-101,2 Bed,1015,1980.0
1105,28,28-102,1 Bed,695,1370.0
1106,28,28-103,1 Bed,767,1480.0
1107,28,28-104,3 Bed,1285,2650.0
1108,28,28-105,2 Bed,1148,2440.0
1109,28,28-106,2 Bed,1085,2090.0
1110,28,28-107,Studio,443,910.0
1111,29,29-001,Suite,3195,560.0
1112,29,29-002,Suite,1163,200.0
1113,29,29-003,Suite,5379,970.0
1114,29,29-004,Suite,2826,480.0
1115,29,29-005,Suite,2791,470.0
1116,29,29-006,Suite,5559,1040.0
1117,29,29-007,Suite,3431,660.0
1118,29,29-008,Suite,4817,920.0
1119,29,29-009,Suite,5067,1000.0
1120,29,29-010,Suite,3343,590.0
1121,29,29-011,Suite,3168,570.0
1122,29,29-012,Suite,2351,430.0
1123,29,29-013,Suite,1321,240.0
1124,29,29-014,Suite,2448,420.0
1125,29,29-015,Suite,4205,710.0
1126,29,29-016,Suite,2420,440.0
1127,30,30-001,Suite,2843,640.0
1128,30,30-002,Suite,2222,470.0
1129,30,30-003,Suite,2109,460.0
1130,30,30-004,Suite,1652,370.0
1131,30,30-005,Suite,4056,890.0
1132,30,30-006,Suite,3263,670.0
1133,30,30-007,Suite,1879,410.0
1134,31,31-001,Suite,1385,260.0
1135,31,31-002,Suite,2087,370.0
1136,31,31-003,Suite,2693,470.0
1137,31,31-004,Suite,3095,560.0
1138,31,31-005,Suite,2481,480.0
1139,31,31-006,Suite,5711,1030.0
1140,31,31-007,Suite,2302,400.0
1141,31,31-008,Suite,2497,450.0
1142,31,31-009,Suite,3128,590.0
1143,31,31-010,Suite,2341,420.0
1144,31,31-011,Suite,1415,250.0
1145,32,32-001,1 Bed,757,1320.0
1146,32,32-002,1 Bed,753,1320.0
1147,32,32-003,2 Bed,977,1680.0
1148,32,32-004,1 Bed,801,1400.0
1149,32,32-005,1 Bed,697,1250.0
1150,32,32-006,2 Bed,1156,2020.0
1151,32,32-007,1 Bed,792,1290.0
1152,32,32-008,1 Bed,847,1470.0
1153,32,32-009,1 Bed,810,1400.0
1154,32,32-010,3 Bed,1361,2530.0
1155,32,32-011,2 Bed,1064,2040.0
1156,32,32-012,2 Bed,1012,1800.0
1157,32,32-013,1 Bed,696,1220.0
1158,32,32-014,1 Bed,718,1270.0
1159,32,32-015,1 Bed,748,1370.0
1160,32,32-016,Studio,520,750.0
1161,32,32-017,Studio,440,760.0
1162,32,32-018,2 Bed,927,1530.0
1163,32,32-019,2 Bed,984,1740.0
1164,32,32-020,2 Bed,995,1550.0
1165,32,32-021,3 Bed,1267,2340.0
1166,32,32-022,1 Bed,761,1280.0
1167,32,32-023,1 Bed,843,1410.0
1168,32,32-024,3 Bed,1346,2610.0
1169,32,32-025,2 Bed,1038,1720.0
1170,32,32-026,3 Bed,1456,2550.0
1171,32,32-027,Studio,511,860.0
1172,32,32-028,1 Bed,789,1340.0
1173,32,32-029,1 Bed,691,1220.0
1174,32,32-030,Studio,543,850.0
1175,32,32-031,2 Bed,1109,1840.0
1176,32,32-032,Studio,473,810.0
1177,32,32-033,Studio,427,780.0
1178,32,32-034,2 Bed,1119,1790.0
1179,32,32-035,Studio,575,1010.0
1180,32,32-036,1 Bed,838,1500.0
1181,32,32-037,1 Bed,873,1530.0
1182,32,32-038,Studio,548,890.0
1183,32,32-039,2 Bed,955,1630.0
1184,32,32-040,3 Bed,1350,2470.0
1185,32,32-041,1 Bed,781,1470.0
1186,32,32-042,2 Bed,1074,1950.0
1187,32,32-043,2 Bed,1068,1820.0
1188,32,32-044,1 Bed,851,1490.0
1189,32,32-045,3 Bed,1377,2340.0
1190,32,32-046,2 Bed,1070,1920.0
1191,32,32-047,1 Bed,705,1200.0
1192,32,32-048,2 Bed,1090,1900.0
1193,32,32-049,2 Bed,1006,1770.0
1194,32,32-050,1 Bed,788,1280.0
1195,32,32-051,2 Bed,1087,1850.0
1196,32,32-052,2 Bed,984,1770.0
1197,32,32-053,1 Bed,661,1160.0
1198,32,32-054,2 Bed,1097,1920.0
1199,32,32-055,2 Bed,1002,1730.0
1200,32,32-056,1 Bed,805,1490.0
1201,32,32-057,2 Bed,1067,1830.0
1202,32,32-058,1 Bed,803,1430.0
1203,32,32-059,2 Bed,1111,2010.0
1204,32,32-060,2 Bed,991,1660.0
1205,32,32-061,2 Bed,981,1710.0
1206,32,32-062,2 Bed,1094,1960.0
1207,32,32-063,1 Bed,846,1380.0
1208,32,32-064,2 Bed,1175,2120.0
1209,32,32-065,Studio,586,1060.0
1210,32,32-066,2 Bed,985,1720.0
1211,32,32-067,2 Bed,1068,1980.0
1212,32,32-068,1 Bed,879,1490.0
1213,32,32-069,Studio,524,960.0
1214,32,32-070,2 Bed,1037,1840.0
1215,32,32-071,1 Bed,680,1260.0
1216,32,32-072,2 Bed,986,1710.0
1217,32,32-073,1 Bed,882,1490.0
1218,32,32-074,2 Bed,879,1540.0
1219,32,32-075,1 Bed,722,1250.0
1220,32,32-076,1 Bed,792,1260.0
1221,32,32-077,Studio,485,870.0
1222,32,32-078,1 Bed,837,1440.0
1223,32,32-079,3 Bed,1399,2510.0
1224,32,32-080,2 Bed,1056,1880.0
1225,32,32-081,2 Bed,913,1590.0
1226,32,32-082,2 Bed,1036,1640.0
1227,32,32-083,2 Bed,954,1640.0
1228,32,32-084,1 Bed,687,1240.0
1229,32,32-085,3 Bed,1381,2550.0
1230,32,32-086,2 Bed,1105,1850.0
1231,32,32-087,2 Bed,1177,2010.0
1232,32,32-088,2 Bed,981,1590.0
1233,32,32-089,2 Bed,1046,1870.0
1234,32,32-090,Studio,594,1090.0
1235,32,32-091,Studio,408,730.0
1236,32,32-092,2 Bed,1067,1860.0
1237,32,32-093,Studio,552,950.0
1238,33,33-001,Bay,15717,1550.0
1239,33,33-002,Bay,19217,1870.0
1240,34,34-001,Suite,3506,770.0
1241,34,34-002,Suite,4218,900.0
1242,34,34-003,Suite,906,190.0
1243,34,34-004,Suite,7597,1620.0
1244,34,34-005,Suite,4524,960.0
1245,34,34-006,Suite,2520,530.0
1246,34,34-007,Suite,1653,370.0
1247,35,35-001,Suite,2870,590.0
1248,35,35-002,Suite,4192,750.0
1249,35,35-003,Suite,1922,370.0
1250,35,35-004,Suite,4031,790.0
1251,35,35-005,Suite,2778,560.0
1252,35,35-006,Suite,1620,340.0
1253,35,35-007,Suite,2457,470.0
1254,35,35-008,Suite,875,170.0
1255,35,35-009,Suite,2500,470.0
1256,35,35-010,Suite,3705,700.0
1257,36,36-001,2 Bed,1086,1580.0
1258,36,36-002,Studio,464,810.0
1259,36,36-003,Studio,561,960.0
1260,36,36-004,2 Bed,1173,1850.0
1261,36,36-005,1 Bed,854,1340.0
1262,36,36-006,Studio,450,730.0
1263,36,36-007,2 Bed,1077,1680.0
1264,36,36-008,1 Bed,644,970.0
1265,36,36-009,3 Bed,1282,2190.0
1266,36,36-010,1 Bed,768,1260.0
1267,36,36-011,1 Bed,735,1090.0
1268,36,36-012,Studio,484,770.0
1269,36,36-013,Studio,662,1090.0
1270,36,36-014,1 Bed,746,1240.0
1271,36,36-015,1 Bed,695,1150.0
1272,36,36-016,1 Bed,799,1220.0
1273,36,36-017,3 Bed,1447,2300.0
1274,36,36-018,1 Bed,831,1360.0
1275,36,36-019,2 Bed,1000,1560.0
1276,36,36-020,3 Bed,1397,2190.0
1277,36,36-021,2 Bed,1054,1780.0
1278,36,36-022,2 Bed,1085,1950.0
1279,36,36-023,Studio,461,740.0
1280,36,36-024,1 Bed,765,1160.0
1281,36,36-025,1 Bed,852,1340.0
1282,36,36-026,2 Bed,1088,1880.0
1283,36,36-027,1 Bed,734,1190.0
1284,36,36-028,2 Bed,1028,1590.0
1285,36,36-029,Studio,464,760.0
1286,36,36-030,1 Bed,741,1200.0
1287,36,36-031,1 Bed,724,1180.0
1288,36,36-032,Studio,534,880.0
1289,36,36-033,2 Bed,1037,1720.0
1290,36,36-034,3 Bed,1276,2210.0
1291,36,36-035,Studio,511,810.0
1292,36,36-036,1 Bed,733,1270.0
1293,36,36-037,2 Bed,1000,1640.0
1294,36,36-038,1 Bed,810,1240.0
1295,36,36-039,2 Bed,1063,1680.0
1296,36,36-040,1 Bed,711,1110.0
1297,36,36-041,3 Bed,1450,2270.0
1298,36,36-042,2 Bed,1008,1620.0
1299,36,36-043,2 Bed,1116,1870.0
1300,36,36-044,1 Bed,857,1410.0
1301,36,36-045,2 Bed,1099,1720.0
1302,36,36-046,1 Bed,832,1350.0
1303,36,36-047,3 Bed,1422,2300.0
1304,36,36-048,2 Bed,1048,1760.0
1305,36,36-049,Studio,443,760.0
1306,36,36-050,1 Bed,801,1330.0
1307,36,36-051,1 Bed,837,1440.0
1308,36,36-052,2 Bed,1123,1930.0
1309,36,36-053,Studio,463,750.0
1310,36,36-054,2 Bed,1128,1720.0
1311,36,36-055,1 Bed,744,1220.0
1312,36,36-056,1 Bed,720,1010.0
1313,36,36-057,2 Bed,1074,1810.0
1314,36,36-058,1 Bed,798,1230.0
1315,36,36-059,Studio,495,760.0
1316,36,36-060,1 Bed,735,1240.0
1317,36,36-061,Studio,488,830.0
1318,36,36-062,2 Bed,1068,1740.0
1319,36,36-063,3 Bed,1345,2210.0
1320,36,36-064,1 Bed,744,1230.0
1321,36,36-065,2 Bed,1070,1680.0
1322,36,36-066,Studio,396,680.0
1323,36,36-067,Studio,425,750.0
1324,36,36-068,1 Bed,685,1070.0
1325,36,36-069,Studio,529,820.0
1326,36,36-070,1 Bed,831,1280.0
1327,36,36-071,1 Bed,813,1280.0
1328,36,36-072,2 Bed,1025,1650.0
1329,36,36-073,2 Bed,1099,1950.0
1330,36,36-074,1 Bed,795,1280.0
1331,36,36-075,3 Bed,1271,2120.0
1332,36,36-076,1 Bed,724,1270.0
1333,36,36-077,1 Bed,836,1230.0
1334,36,36-078,1 Bed,779,1270.0
1335,36,36-079,Studio,351,550.0
1336,36,36-080,1 Bed,676,1060.0
1337,36,36-081,1 Bed,806,1230.0
1338,36,36-082,Studio,589,900.0
1339,36,36-083,3 Bed,1369,2370.0
1340,36,36-084,1 Bed,844,1310.0
1341,36,36-085,2 Bed,1127,1660.0
1342,36,36-086,2 Bed,1102,1810.0
1343,36,36-087,1 Bed,759,1220.0
1344,36,36-088,2 Bed,1039,1570.0
