RepKey,SalesRep,RegionKey,HireDate
1,Lucas Mehta,1,2023-03-13
2,Aria Novak,1,2022-07-24
3,Aria Mehta,1,2023-09-03
4,Diego Nguyen,1,2024-11-10
5,Chloe Walsh,1,2020-12-06
6,Yuki Larsen,1,2019-03-09
7,Yuki Larsen,1,2024-11-24
8,Mason Khan,2,2022-12-05
9,Isla Moreno,2,2019-05-12
10,Aria Carter,2,2020-07-04
11,Hana Walsh,2,2021-11-05
12,Yuki Hughes,2,2024-11-03
13,Mason Kim,2,2024-03-02
14,Owen Schmidt,3,2023-09-25
15,Diego Khan,3,2020-01-31
16,Nora Nguyen,3,2023-04-21
17,Ethan Khan,3,2020-01-21
18,Liam Sato,3,2020-05-18
19,Leo Schmidt,4,2020-11-20
20,Ethan Carter,4,2020-01-30
21,Priya Okafor,4,2020-12-08
22,Priya Novak,5,2023-08-31
23,Ava Sato,5,2021-07-22
24,Priya Mehta,5,2024-06-19
