Month,RegionKey,TargetRevenue
2024-01-01,1,1304400.0
2024-01-01,2,842500.0
2024-01-01,3,1398400.0
2024-01-01,4,289200.0
2024-01-01,5,60200.0
2024-02-01,1,1519300.0
2024-02-01,2,1047000.0
2024-02-01,3,1272400.0
2024-02-01,4,288200.0
2024-02-01,5,66700.0
2024-03-01,1,1638000.0
2024-03-01,2,1347200.0
2024-03-01,3,967800.0
2024-03-01,4,243400.0
2024-03-01,5,116500.0
2024-04-01,1,1721000.0
2024-04-01,2,1503600.0
2024-04-01,3,734100.0
2024-04-01,4,286700.0
2024-04-01,5,132400.0
2024-05-01,1,1599100.0
2024-05-01,2,1310700.0
2024-05-01,3,587500.0
2024-05-01,4,293700.0
2024-05-01,5,129200.0
2024-06-01,1,1473200.0
2024-06-01,2,1319600.0
2024-06-01,3,588900.0
2024-06-01,4,345600.0
2024-06-01,5,142200.0
2024-07-01,1,1392400.0
2024-07-01,2,1379300.0
2024-07-01,3,710600.0
2024-07-01,4,287600.0
2024-07-01,5,154400.0
2024-08-01,1,1647100.0
2024-08-01,2,1464100.0
2024-08-01,3,768500.0
2024-08-01,4,311100.0
2024-08-01,5,201400.0
2024-09-01,1,1751500.0
2024-09-01,2,1555700.0
2024-09-01,3,798500.0
2024-09-01,4,323500.0
2024-09-01,5,241200.0
2024-10-01,1,1757300.0
2024-10-01,2,1761800.0
2024-10-01,3,926900.0
2024-10-01,4,369800.0
2024-10-01,5,393400.0
2024-11-01,1,2139000.0
2024-11-01,2,2007600.0
2024-11-01,3,1001300.0
2024-11-01,4,371900.0
2024-11-01,5,542400.0
2024-12-01,1,2190000.0
2024-12-01,2,2052400.0
2024-12-01,3,1039900.0
2024-12-01,4,373800.0
2024-12-01,5,552400.0
2025-01-01,1,2159900.0
2025-01-01,2,1963700.0
2025-01-01,3,909300.0
2025-01-01,4,371500.0
2025-01-01,5,436200.0
2025-02-01,1,1881100.0
2025-02-01,2,1773500.0
2025-02-01,3,698500.0
2025-02-01,4,390500.0
2025-02-01,5,374000.0
2025-03-01,1,1563100.0
2025-03-01,2,1492400.0
2025-03-01,3,681500.0
2025-03-01,4,328900.0
2025-03-01,5,419000.0
2025-04-01,1,1532800.0
2025-04-01,2,1495400.0
2025-04-01,3,714300.0
2025-04-01,4,327500.0
2025-04-01,5,459700.0
2025-05-01,1,1391800.0
2025-05-01,2,1338300.0
2025-05-01,3,665400.0
2025-05-01,4,279000.0
2025-05-01,5,454100.0
2025-06-01,1,1394900.0
2025-06-01,2,1298400.0
2025-06-01,3,738700.0
2025-06-01,4,270000.0
2025-06-01,5,407600.0
2025-07-01,1,1425200.0
2025-07-01,2,1233500.0
2025-07-01,3,706100.0
2025-07-01,4,248300.0
2025-07-01,5,322800.0
2025-08-01,1,1817200.0
2025-08-01,2,1251200.0
2025-08-01,3,900900.0
2025-08-01,4,291600.0
2025-08-01,5,425800.0
2025-09-01,1,2143600.0
2025-09-01,2,1337200.0
2025-09-01,3,928200.0
2025-09-01,4,352600.0
2025-09-01,5,504800.0
2025-10-01,1,2508800.0
2025-10-01,2,1555500.0
2025-10-01,3,963200.0
2025-10-01,4,405400.0
2025-10-01,5,580900.0
2025-11-01,1,2699800.0
2025-11-01,2,1854700.0
2025-11-01,3,1000700.0
2025-11-01,4,583200.0
2025-11-01,5,600100.0
2025-12-01,1,2563100.0
2025-12-01,2,2112200.0
2025-12-01,3,1110600.0
2025-12-01,4,647600.0
2025-12-01,5,680800.0
2026-01-01,1,2589800.0
2026-01-01,2,1949200.0
2026-01-01,3,1079300.0
2026-01-01,4,628300.0
2026-01-01,5,609200.0
2026-02-01,1,2011400.0
2026-02-01,2,1807300.0
2026-02-01,3,1044500.0
2026-02-01,4,522600.0
2026-02-01,5,539700.0
2026-03-01,1,1837400.0
2026-03-01,2,1631200.0
2026-03-01,3,1019700.0
2026-03-01,4,424400.0
2026-03-01,5,530200.0
2026-04-01,1,1668800.0
2026-04-01,2,1518400.0
2026-04-01,3,887500.0
2026-04-01,4,450700.0
2026-04-01,5,526100.0
2026-05-01,1,1611100.0
2026-05-01,2,1503300.0
2026-05-01,3,875600.0
2026-05-01,4,399700.0
2026-05-01,5,498400.0
2026-06-01,1,1656700.0
2026-06-01,2,1459100.0
2026-06-01,3,877200.0
2026-06-01,4,520200.0
2026-06-01,5,492000.0
2026-07-01,1,2002500.0
2026-07-01,2,1579400.0
2026-07-01,3,870400.0
2026-07-01,4,488500.0
2026-07-01,5,482200.0
2026-08-01,1,2150600.0
2026-08-01,2,1639500.0
2026-08-01,3,828500.0
2026-08-01,4,480200.0
2026-08-01,5,485500.0
2026-09-01,1,2366700.0
2026-09-01,2,1947000.0
2026-09-01,3,875900.0
2026-09-01,4,385700.0
2026-09-01,5,458800.0
